Date, Open, High, Low, Close, Adj Close, Volume
2017/1/3,62.790001,62.84,62.130001,62.580002,58.969059,20694100
2017/1/4,62.48,62.75,62.119999,62.299999,58.705212,21340000
2017/1/5,62.189999,62.66,62.029999,62.299999,58.705212,24876000
2017/1/6,62.299999,63.150002,62.040001,62.84,59.214054,19922900
2017/1/9,62.759998,63.080002,62.540001,62.639999,59.025597,20382700
2017/1/10,62.73,63.07,62.279999,62.619999,59.006744,18593000
2017/1/11,62.610001,63.23,62.43,63.189999,59.543854,21517300
2017/1/12,63.060001,63.400002,61.950001,62.610001,58.997322,20968200
2017/1/13,62.619999,62.869999,62.349998,62.700001,59.082138,19422300
2017/1/17,62.68,62.700001,62.029999,62.529999,58.921944,20664000
2017/1/18,62.669998,62.700001,62.119999,62.5,58.893673,19670100
2017/1/19,62.240002,62.98,62.200001,62.299999,58.705212,18451700
2017/1/20,62.669998,62.82,62.369999,62.740002,59.11982,30213500
2017/1/23,62.700001,63.119999,62.57,62.959999,59.327137,23097600
2017/1/24,63.200001,63.740002,62.939999,63.52,59.854824,24672900
2017/1/25,63.950001,64.099998,63.450001,63.68,60.005581,23672700
2017/1/26,64.120003,64.540001,63.549999,64.269997,60.561543,43554600
2017/1/27,65.389999,65.910004,64.889999,65.779999,61.984413,44818000
2017/1/30,65.690002,65.790001,64.800003,65.129997,61.37191,31651400
2017/1/31,64.860001,65.150002,64.260002,64.650002,60.919617,25270500
2017/2/1,64.360001,64.620003,63.470001,63.580002,59.911358,39671500
2017/2/2,63.25,63.41,62.75,63.169998,59.525009,45827000
2017/2/3,63.5,63.700001,63.07,63.68,60.005581,30301800
2017/2/6,63.5,63.650002,63.139999,63.639999,59.967896,19796400
2017/2/7,63.740002,63.779999,63.23,63.43,59.770012,20277200
2017/2/8,63.57,63.810001,63.220001,63.34,59.685207,18096400
2017/2/9,63.52,64.440002,63.32,64.059998,60.363663,22644400
2017/2/10,64.25,64.300003,63.98,64,60.307125,18170700
2017/2/13,64.239998,64.860001,64.129997,64.720001,60.985577,22920100
2017/2/14,64.410004,64.720001,64.019997,64.57,61.213108,23108400
2017/2/15,64.5,64.57,64.160004,64.529999,61.175182,17005200
2017/2/16,64.739998,65.239998,64.440002,64.519997,61.165691,20546300
2017/2/17,64.470001,64.690002,64.300003,64.620003,61.260506,21248800
2017/2/21,64.610001,64.949997,64.449997,64.489998,61.137264,20655900
2017/2/22,64.330002,64.389999,64.050003,64.360001,61.014015,19292700
2017/2/23,64.419998,64.730003,64.190002,64.620003,61.260506,20273100
2017/2/24,64.529999,64.800003,64.139999,64.620003,61.260506,21796800
2017/2/27,64.540001,64.540001,64.050003,64.230003,60.890785,15871500
2017/2/28,64.080002,64.199997,63.759998,63.98,60.653774,23239800
2017/3/1,64.129997,64.989998,64.019997,64.940002,61.563877,26937500
2017/3/2,64.690002,64.75,63.880001,64.010002,60.68222,24539600
2017/3/3,63.990002,64.279999,63.619999,64.25,60.909737,18135900
2017/3/6,63.970001,64.559998,63.810001,64.269997,60.928696,18750300
2017/3/7,64.190002,64.779999,64.190002,64.400002,61.051949,18521000
2017/3/8,64.260002,65.080002,64.25,64.989998,61.611267,21510900
2017/3/9,65.190002,65.199997,64.480003,64.730003,61.364788,19846800
2017/3/10,65.110001,65.260002,64.75,64.93,61.554375,19538200
2017/3/13,65.010002,65.190002,64.57,64.709999,61.345821,20100000
2017/3/14,64.529999,64.550003,64.150002,64.410004,61.06142,14280200
2017/3/15,64.550003,64.919998,64.25,64.75,61.383747,24833800
2017/3/16,64.75,64.760002,64.300003,64.639999,61.279465,20674300
2017/3/17,64.910004,65.239998,64.68,64.870003,61.497505,49219700
2017/3/20,64.910004,65.18,64.720001,64.93,61.554375,14598100
2017/3/21,65.190002,65.5,64.129997,64.209999,60.871819,26640500
2017/3/22,64.120003,65.139999,64.120003,65.029999,61.649185,20680000
2017/3/23,64.940002,65.239998,64.769997,64.870003,61.497505,19269200
2017/3/24,65.360001,65.449997,64.760002,64.980003,61.601799,22617100
2017/3/27,64.629997,65.220001,64.349998,65.099998,61.715549,18614700
2017/3/28,64.959999,65.470001,64.650002,65.290001,61.895672,20080400
2017/3/29,65.120003,65.5,64.949997,65.470001,62.066311,13618400
2017/3/30,65.419998,65.980003,65.360001,65.709999,62.293839,15122800
2017/3/31,65.650002,66.190002,65.449997,65.860001,62.436039,21040300
2017/4/3,65.809998,65.940002,65.190002,65.550003,62.142159,20400900
2017/4/4,65.389999,65.809998,65.279999,65.730003,62.312801,12997400
2017/4/5,66.300003,66.349998,65.440002,65.559998,62.151638,21448600
2017/4/6,65.599998,66.059998,65.480003,65.730003,62.312801,18103500
2017/4/7,65.849998,65.959999,65.440002,65.68,62.265392,14108500
2017/4/10,65.610001,65.82,65.360001,65.529999,62.123177,17952700
2017/4/11,65.599998,65.610001,64.849998,65.480003,62.07579,18791500
2017/4/12,65.419998,65.510002,65.110001,65.230003,61.838787,17108500
2017/4/13,65.290001,65.860001,64.949997,64.949997,61.573345,17896500
2017/4/17,65.040001,65.489998,65.010002,65.480003,62.07579,16689300
2017/4/18,65.330002,65.709999,65.160004,65.389999,61.990479,15155600
2017/4/19,65.650002,65.75,64.889999,65.040001,61.658665,26992800
2017/4/20,65.459999,65.75,65.139999,65.5,62.094757,22299500
2017/4/21,65.669998,66.699997,65.449997,66.400002,62.947968,32522600
2017/4/24,67.480003,67.660004,67.099998,67.529999,64.019211,29770000
2017/4/25,67.900002,68.040001,67.599998,67.919998,64.388954,30242700
2017/4/26,68.080002,68.309998,67.620003,67.830002,64.303619,26190800
2017/4/27,68.150002,68.379997,67.580002,68.269997,64.720749,34971000
2017/4/28,68.910004,69.139999,67.690002,68.459999,64.900871,39548800
2017/5/1,68.68,69.550003,68.5,69.410004,65.801476,31954400
2017/5/2,69.709999,69.709999,69.129997,69.300003,65.697197,23906100
2017/5/3,69.379997,69.379997,68.709999,69.080002,65.48864,28928000
2017/5/4,69.029999,69.080002,68.639999,68.809998,65.232658,21749400
2017/5/5,68.900002,69.029999,68.489998,69,65.412796,19128800
2017/5/8,68.970001,69.050003,68.419998,68.940002,65.355904,18566100
2017/5/9,68.860001,69.279999,68.68,69.040001,65.450729,22858400
2017/5/10,68.989998,69.559998,68.919998,69.309998,65.706673,17977800
2017/5/11,68.360001,68.730003,68.120003,68.459999,64.900871,28789400
2017/5/12,68.610001,68.610001,68.040001,68.379997,64.825027,18714100
2017/5/15,68.139999,68.480003,67.57,68.43,64.872429,31530300
2017/5/16,68.230003,69.440002,68.160004,69.410004,66.17865,34956000
2017/5/17,68.889999,69.099998,67.43,67.480003,64.338501,30548800
2017/5/18,67.400002,68.129997,67.139999,67.709999,64.557785,25201300
2017/5/19,67.5,68.099998,67.43,67.690002,64.538727,26961100
2017/5/22,67.889999,68.5,67.5,68.449997,65.263344,16237600
2017/5/23,68.720001,68.75,68.379997,68.68,65.482628,15425800
2017/5/24,68.870003,68.879997,68.449997,68.769997,65.568451,14593900
2017/5/25,68.970001,69.879997,68.910004,69.620003,66.378876,21854100
2017/5/26,69.800003,70.220001,69.519997,69.959999,66.703026,19827900
2017/5/30,69.790001,70.410004,69.769997,70.410004,67.132111,17072800
2017/5/31,70.529999,70.739998,69.809998,69.839996,66.588623,30436400
2017/6/1,70.239998,70.610001,69.449997,70.099998,66.836517,21603600
2017/6/2,70.440002,71.860001,70.239998,71.760002,68.419235,34770300
2017/6/5,71.970001,72.889999,71.809998,72.279999,68.915039,33316800
2017/6/6,72.300003,72.620003,72.269997,72.519997,69.143867,31511100
2017/6/7,72.639999,72.769997,71.949997,72.389999,69.019913,22301800
2017/6/8,72.510002,72.519997,71.5,71.949997,68.600395,24588300
2017/6/9,72.040001,72.080002,68.589996,70.32,67.04628,49187400
2017/6/12,69.25,69.940002,68.129997,69.779999,66.53141,47761700
2017/6/13,70.019997,70.82,69.959999,70.650002,67.360916,25258600
2017/6/14,70.910004,71.099998,69.43,70.269997,66.998619,25510700
2017/6/15,69.269997,70.209999,68.800003,69.900002,66.645844,26068700
2017/6/16,69.730003,70.029999,69.220001,70,66.741196,48345100
2017/6/19,70.5,70.940002,70.349998,70.870003,67.570671,23798300
2017/6/20,70.82,70.870003,69.870003,69.910004,66.655373,21512200
2017/6/21,70.209999,70.620003,69.940002,70.269997,66.998619,19891100
2017/6/22,70.540001,70.589996,69.709999,70.260002,66.989067,22965700
2017/6/23,70.089996,71.25,69.919998,71.209999,67.894852,27617300
2017/6/26,71.400002,71.709999,70.440002,70.529999,67.246498,19607000
2017/6/27,70.110001,70.18,69.18,69.209999,65.987953,25215100
2017/6/28,69.209999,69.839996,68.790001,69.800003,66.550499,25806200
2017/6/29,69.379997,69.489998,68.089996,68.489998,65.301483,28918700
2017/6/30,68.779999,69.379997,68.739998,68.93,65.720985,24161100
2017/7/3,69.330002,69.599998,68.019997,68.169998,64.996376,16165500
2017/7/5,68.260002,69.440002,68.220001,69.080002,65.864006,21176300
2017/7/6,68.269997,68.779999,68.120003,68.57,65.377754,21117600
2017/7/7,68.699997,69.839996,68.699997,69.459999,66.226318,16878300
2017/7/10,69.459999,70.25,69.199997,69.980003,66.722115,15014500
2017/7/11,70,70.68,69.75,69.989998,66.731636,17460000
2017/7/12,70.690002,71.279999,70.550003,71.150002,67.837662,17750900
2017/7/13,71.5,72.040001,71.309998,71.769997,68.42878,20269800
2017/7/14,72.239998,73.269997,71.959999,72.779999,69.391769,25868100
2017/7/17,72.800003,73.449997,72.720001,73.349998,69.935226,21803900
2017/7/18,73.089996,73.389999,72.660004,73.300003,69.887543,26435300
2017/7/19,73.5,74.040001,73.449997,73.860001,70.421478,22416200
2017/7/20,74.18,74.300003,73.279999,74.220001,70.764717,42361000
2017/7/21,73.449997,74.290001,73.169998,73.790001,70.354736,46717100
2017/7/24,73.529999,73.75,73.129997,73.599998,70.173592,21394800
2017/7/25,73.800003,74.309998,73.5,74.190002,70.73613,22018700
2017/7/26,74.339996,74.379997,73.809998,74.050003,70.602623,16252200
2017/7/27,73.760002,74.419998,72.32,73.160004,69.754074,36844200
2017/7/28,72.669998,73.309998,72.540001,73.040001,69.639641,18306700
2017/7/31,73.300003,73.440002,72.410004,72.699997,69.315483,23600100
2017/8/1,73.099998,73.419998,72.489998,72.580002,69.20108,22132300
2017/8/2,72.550003,72.559998,71.440002,72.260002,68.895973,26499200
2017/8/3,72.190002,72.440002,71.849998,72.150002,68.791092,18214400
2017/8/4,72.400002,73.040001,72.239998,72.68,69.296425,22579000
2017/8/7,72.800003,72.900002,72.260002,72.400002,69.029457,18705700
2017/8/8,72.089996,73.129997,71.75,72.790001,69.401299,22044600
2017/8/9,72.25,72.510002,72.050003,72.470001,69.096191,22213400
2017/8/10,71.900002,72.190002,71.349998,71.410004,68.085533,24734500
2017/8/11,71.610001,72.699997,71.279999,72.5,69.124794,21443700
2017/8/14,73.059998,73.720001,72.949997,73.589996,70.164047,20096600
2017/8/15,73.589996,73.589996,73.040001,73.220001,70.183228,19181400
2017/8/16,73.339996,74.099998,73.169998,73.650002,70.59539,18150400
2017/8/17,73.580002,73.870003,72.400002,72.400002,69.397232,22977500
2017/8/18,72.269997,72.839996,71.93,72.489998,69.483498,18761500
2017/8/21,72.470001,72.480003,71.699997,72.150002,69.1576,17734800
2017/8/22,72.349998,73.239998,72.349998,73.160004,70.125717,14343700
2017/8/23,72.959999,73.150002,72.529999,72.720001,69.703972,13766500
2017/8/24,72.739998,72.860001,72.07,72.690002,69.675201,17098300
2017/8/25,72.860001,73.349998,72.480003,72.82,69.799805,12794300
2017/8/28,73.059998,73.089996,72.550003,72.830002,69.809395,14569700
2017/8/29,72.25,73.160004,72.050003,73.050003,70.020271,11478400
2017/8/30,73.010002,74.209999,72.830002,74.010002,70.940453,16897800
2017/8/31,74.029999,74.959999,73.800003,74.769997,71.668945,27652800
2017/9/1,74.709999,74.739998,73.639999,73.940002,70.87336,21736200
2017/9/5,73.339996,73.889999,72.980003,73.610001,70.557045,21556000
2017/9/6,73.739998,74.040001,73.349998,73.400002,70.355759,16535800
2017/9/7,73.68,74.599998,73.599998,74.339996,71.256767,17471200
2017/9/8,74.330002,74.440002,73.839996,73.980003,70.911705,14703800
2017/9/11,74.309998,74.940002,74.309998,74.760002,71.659348,17910400
2017/9/12,74.760002,75.239998,74.370003,74.68,71.582672,14394900
2017/9/13,74.93,75.230003,74.550003,75.209999,72.090691,13380800
2017/9/14,75,75.489998,74.519997,74.769997,71.668945,15733900
2017/9/15,74.830002,75.389999,74.07,75.309998,72.186531,38578400
2017/9/18,75.230003,75.970001,75.040001,75.160004,72.042763,23307000
2017/9/19,75.209999,75.709999,75.010002,75.440002,72.311157,16093300
2017/9/20,75.349998,75.550003,74.309998,74.940002,71.831886,21587900
2017/9/21,75.110001,75.239998,74.110001,74.209999,71.132149,19186100
2017/9/22,73.989998,74.510002,73.849998,74.410004,71.32386,14111400
2017/9/25,74.089996,74.25,72.919998,73.260002,70.221558,24149200
2017/9/26,73.669998,73.809998,72.989998,73.260002,70.221558,18019600
2017/9/27,73.550003,74.169998,73.169998,73.849998,70.787094,19565100
2017/9/28,73.540001,73.970001,73.309998,73.870003,70.806267,10883800
2017/9/29,73.940002,74.540001,73.879997,74.489998,71.400551,17079100
2017/10/2,74.709999,75.010002,74.300003,74.610001,71.515564,15304800
2017/10/3,74.669998,74.879997,74.190002,74.260002,71.180092,12190400
2017/10/4,74.089996,74.720001,73.709999,74.690002,71.592255,13317700
2017/10/5,75.220001,76.120003,74.959999,75.970001,72.81916,21195300
2017/10/6,75.669998,76.029999,75.540001,76,72.847931,13959800
2017/10/9,75.970001,76.550003,75.860001,76.290001,73.1259,11386500
2017/10/10,76.330002,76.629997,76.139999,76.290001,73.1259,13944500
2017/10/11,76.360001,76.459999,75.949997,76.419998,73.250496,15388900
2017/10/12,76.489998,77.290001,76.370003,77.120003,73.921455,16876500
2017/10/13,77.589996,77.870003,77.290001,77.489998,74.276123,15335700
2017/10/16,77.419998,77.809998,77.349998,77.650002,74.429482,12380100
2017/10/17,77.470001,77.620003,77.25,77.589996,74.371971,16824000
2017/10/18,77.669998,77.849998,77.370003,77.610001,74.391144,13300700
2017/10/19,77.57,77.93,77.349998,77.910004,74.678711,15092800
2017/10/20,78.32,78.970001,78.220001,78.809998,75.541382,22866400
2017/10/23,78.989998,79.339996,78.760002,78.830002,75.560555,20627200
2017/10/24,78.900002,79.199997,78.459999,78.860001,75.589302,17517200
2017/10/25,78.580002,79.099998,78.010002,78.629997,75.368851,20410800
2017/10/26,79.199997,79.419998,78.75,78.760002,75.493439,32120700
2017/10/27,84.370003,86.199997,83.610001,83.809998,80.334,71066700
2017/10/30,83.699997,84.330002,83.110001,83.889999,80.410683,31756700
2017/10/31,84.360001,84.360001,83.110001,83.18,79.730133,27086600
2017/11/1,83.68,83.760002,82.879997,83.18,79.730133,22307400
2017/11/2,83.349998,84.459999,83.120003,84.050003,80.564056,23992900
2017/11/3,84.080002,84.540001,83.400002,84.139999,80.650314,17633500
2017/11/6,84.199997,84.699997,84.080002,84.470001,80.966644,19860900
2017/11/7,84.769997,84.900002,83.93,84.269997,80.774918,17939700
2017/11/8,84.139999,84.610001,83.830002,84.559998,81.052895,18034200
2017/11/9,84.110001,84.269997,82.900002,84.089996,80.602379,21178400
2017/11/10,83.790001,84.099998,83.230003,83.870003,80.391525,19397800
2017/11/13,83.660004,83.940002,83.459999,83.93,80.449028,14196900
2017/11/14,83.5,84.099998,82.980003,84.050003,80.564056,18801300
2017/11/15,83.470001,83.690002,82.690002,82.980003,79.937889,19383100
2017/11/16,83.099998,83.419998,82.940002,83.199997,80.149803,20962800
2017/11/17,83.120003,83.120003,82.239998,82.400002,79.37915,22079000
2017/11/20,82.400002,82.589996,82.25,82.529999,79.504372,16315000
2017/11/21,82.739998,83.839996,82.739998,83.720001,80.650749,21237500
2017/11/22,83.830002,83.900002,83.040001,83.110001,80.063126,20553100
2017/11/24,83.010002,83.43,82.779999,83.260002,80.207611,7425600
2017/11/27,83.309998,83.980003,83.300003,83.870003,80.795258,18265200
2017/11/28,84.07,85.059998,84.019997,84.879997,81.768227,21926000
2017/11/29,84.709999,84.919998,83.18,83.339996,80.284676,27381100
2017/11/30,83.510002,84.519997,83.339996,84.169998,81.084251,33054600
2017/12/1,83.599998,84.809998,83.220001,84.260002,81.170952,29532100
2017/12/4,84.419998,84.43,80.699997,81.080002,78.107552,39094900
2017/12/5,81.339996,82.68,80.980003,81.589996,78.598831,26152300
2017/12/6,81.550003,83.139999,81.43,82.779999,79.745209,26162100
2017/12/7,82.540001,82.800003,82,82.489998,79.465836,23184500
2017/12/8,83.629997,84.580002,83.330002,84.160004,81.074623,24489100
2017/12/11,84.290001,85.370003,84.120003,85.230003,82.105392,22857900
2017/12/12,85.309998,86.050003,85.080002,85.580002,82.442558,23924100
2017/12/13,85.739998,86,85.169998,85.349998,82.220993,22062700
2017/12/14,85.43,85.870003,84.529999,84.690002,81.585182,19306000
2017/12/15,85.260002,87.089996,84.879997,86.849998,83.666,53936700
2017/12/18,87.120003,87.5,86.230003,86.379997,83.213234,22283800
2017/12/19,86.349998,86.349998,85.269997,85.830002,82.683403,23524800
2017/12/20,86.199997,86.300003,84.709999,85.519997,82.384773,23674900
2017/12/21,86.050003,86.099998,85.400002,85.5,82.365501,17990700
2017/12/22,85.400002,85.629997,84.919998,85.510002,82.375114,14145800
2017/12/26,85.309998,85.529999,85.029999,85.400002,82.269165,9891200
2017/12/27,85.650002,85.980003,85.220001,85.709999,82.567787,14678000
2017/12/28,85.900002,85.93,85.550003,85.720001,82.577423,10594300
2017/12/29,85.629997,86.050003,85.5,85.540001,82.404037,18717400
2018/1/2,86.129997,86.309998,85.5,85.949997,82.798996,22483800
2018/1/3,86.059998,86.510002,85.970001,86.349998,83.184326,26061400
2018/1/4,86.589996,87.660004,86.57,87.110001,83.916473,21912000
2018/1/5,87.660004,88.410004,87.43,88.190002,84.956886,23407100
2018/1/8,88.199997,88.580002,87.599998,88.279999,85.043571,22113000
2018/1/9,88.650002,88.730003,87.860001,88.220001,84.985786,19484300
2018/1/10,87.860001,88.190002,87.410004,87.82,84.600449,18652200
2018/1/11,88.129997,88.129997,87.239998,88.080002,84.850906,17808900
2018/1/12,88.669998,89.779999,88.449997,89.599998,86.315178,24271500
2018/1/16,90.099998,90.790001,88.010002,88.349998,85.111008,36599700
2018/1/17,89.080002,90.279999,88.75,90.139999,86.835373,25621200
2018/1/18,89.800003,90.669998,89.660004,90.099998,86.79686,24159700
2018/1/19,90.139999,90.610001,89.660004,90,86.700523,36875000
2018/1/22,90,91.620003,89.739998,91.610001,88.251488,23601600
2018/1/23,91.900002,92.300003,91.540001,91.900002,88.530876,23412800
2018/1/24,92.550003,93.43,91.580002,91.82,88.453789,33277500
2018/1/25,92.470001,93.239998,91.93,92.330002,88.945114,26383200
2018/1/26,93.120003,94.059998,92.580002,94.059998,90.611679,29172200
2018/1/29,95.139999,95.449997,93.720001,93.919998,90.476807,31569900
2018/1/30,93.300003,93.660004,92.099998,92.739998,89.340065,38635100
2018/1/31,93.75,95.400002,93.510002,95.010002,91.526848,48756300
2018/2/1,94.790001,96.07,93.580002,94.260002,90.804352,47227900
2018/2/2,93.639999,93.970001,91.5,91.779999,88.41526,47867800
2018/2/5,90.559998,93.239998,88,88,84.773842,51031500
2018/2/6,86.889999,91.480003,85.25,91.330002,87.98175,67998600
2018/2/7,90.489998,91.769997,89.199997,89.610001,86.324814,41107600
2018/2/8,89.709999,89.879997,84.760002,85.010002,81.893471,55628700
2018/2/9,86.300003,88.93,83.830002,88.18,84.947235,63499100
2018/2/12,88.739998,89.779999,87.93,89.129997,85.862396,35720300
2018/2/13,88.93,90,87.800003,89.830002,86.536758,26407700
2018/2/14,88.510002,90.989998,88.410004,90.809998,87.891769,34960900
2018/2/15,91.209999,92.720001,90.620003,92.660004,89.682312,27823900
2018/2/16,92.449997,93.5,91.800003,92,89.043526,30596900
2018/2/20,91.480003,93.059998,91.010002,92.720001,89.740387,30911700
2018/2/21,92.980003,93.360001,91.489998,91.489998,88.549896,26922500
2018/2/22,92.050003,92.730003,91.360001,91.730003,88.782204,24392800
2018/2/23,93.599998,94.07,92.360001,94.059998,91.037323,26329200
2018/2/26,94.400002,95.449997,94.25,95.419998,92.353607,30199800
2018/2/27,95.739998,95.839996,94.199997,94.199997,91.172836,25869100
2018/2/28,94.839996,95.709999,93.629997,93.769997,90.756645,31167300
2018/3/1,93.989998,94.57,91.839996,92.849998,89.866211,37135600
2018/3/2,91.580002,93.150002,90.860001,93.050003,90.059784,32830400
2018/3/5,92.339996,94.269997,92.260002,93.639999,90.630821,23901600
2018/3/6,94.339996,94.489998,92.940002,93.32,90.321098,22175800
2018/3/7,93.160004,93.940002,92.43,93.860001,90.843742,26716100
2018/3/8,94.269997,95.099998,93.769997,94.43,91.395432,25887800
2018/3/9,95.290001,96.540001,95,96.540001,93.43763,36937300
2018/3/12,96.5,97.209999,96.040001,96.769997,93.660225,26073700
2018/3/13,97,97.239998,93.970001,94.410004,91.376083,35387800
2018/3/14,95.120003,95.410004,93.5,93.849998,90.834068,32132000
2018/3/15,93.529999,94.580002,92.830002,94.18,91.153465,27611000
2018/3/16,94.68,95.379997,93.919998,94.599998,91.559967,49081300
2018/3/19,93.739998,93.900002,92.110001,92.889999,89.904915,33344100
2018/3/20,93.050003,93.769997,93,93.129997,90.137199,23075200
2018/3/21,92.93,94.050003,92.209999,92.480003,89.508095,24457100
2018/3/22,91.269997,91.75,89.660004,89.790001,86.904541,38604700
2018/3/23,89.5,90.459999,87.080002,87.18,84.378426,44068900
2018/3/26,90.610001,94,90.400002,93.779999,90.766327,56396800
2018/3/27,94.940002,95.139999,88.510002,89.470001,86.594826,56569000
2018/3/28,89.82,91.230003,88.870003,89.389999,86.51738,52501100
2018/3/29,90.18,92.290001,88.400002,91.269997,88.336983,45867500
2018/4/2,90.470001,90.879997,87.510002,88.519997,85.675354,48515400
2018/4/3,89.580002,90.050003,87.889999,89.709999,86.827103,37213800
2018/4/4,87.849998,92.760002,87.730003,92.330002,89.362923,35560000
2018/4/5,92.440002,93.07,91.400002,92.379997,89.411301,29771900
2018/4/6,91.489998,92.459999,89.480003,90.230003,87.330399,38026000
2018/4/9,91.040001,93.169998,90.620003,90.769997,87.853035,31533900
2018/4/10,92.389999,93.279999,91.639999,92.879997,89.895241,26812000
2018/4/11,92.010002,93.290001,91.480003,91.860001,88.90802,24872100
2018/4/12,92.43,94.160004,92.43,93.580002,90.572739,26758900
2018/4/13,94.050003,94.18,92.440002,93.080002,90.088814,23346100
2018/4/16,94.07,94.660004,93.419998,94.169998,91.143784,20288100
2018/4/17,95,96.540001,94.879997,96.07,92.982719,26771000
2018/4/18,96.220001,96.720001,95.519997,96.440002,93.340836,21043300
2018/4/19,96.440002,97.07,95.339996,96.110001,93.021439,23552500
2018/4/20,95.910004,96.110001,94.050003,95,91.947105,31154400
2018/4/23,95.739998,96.290001,94.629997,95.349998,92.285858,22331800
2018/4/24,96.239998,96.470001,92.410004,93.120003,90.127525,34524800
2018/4/25,93.300003,93.300003,90.279999,92.309998,89.343552,33729300
2018/4/26,93.550003,95.150002,93.099998,94.260002,91.230896,42529000
2018/4/27,97.599998,97.900002,93.910004,95.82,92.740761,48272800
2018/4/30,96.330002,96.400002,93.150002,93.519997,90.514664,41523600
2018/5/1,93.209999,95.290001,92.790001,95,91.947105,31408900
2018/5/2,94.989998,95.169998,93.190002,93.510002,90.505005,27471000
2018/5/3,92.959999,94.93,92.449997,94.07,91.046997,31142500
2018/5/4,93.32,95.370003,92.919998,95.160004,92.101967,22531300
2018/5/7,95.169998,96.709999,95.099998,96.220001,93.127899,24242000
2018/5/8,95.849998,96.160004,95.059998,95.809998,92.731087,23484600
2018/5/9,96.010002,96.970001,95.050003,96.940002,93.82476,27327400
2018/5/10,97.459999,97.949997,97.050003,97.910004,94.763596,22388100
2018/5/11,97.800003,97.870003,97.040001,97.699997,94.560333,16778300
2018/5/14,97.919998,98.690002,97.309998,98.029999,94.879738,19454100
2018/5/15,97.239998,97.849998,96.339996,97.32,94.192566,24594000
2018/5/16,97.360001,97.400002,96.620003,97.150002,94.43557,17384700
2018/5/17,96.760002,97.540001,95.830002,96.18,93.492676,17246700
2018/5/18,96.010002,96.93,96.010002,96.360001,93.667641,17865800
2018/5/21,97,98.010002,96.800003,97.599998,94.873009,19422500
2018/5/22,97.68,98.169998,97.199997,97.5,94.775795,15441200
2018/5/23,96.709999,98.730003,96.32,98.660004,95.903381,21251200
2018/5/24,98.730003,98.940002,96.809998,98.309998,95.563164,26649300
2018/5/25,98.300003,98.980003,97.860001,98.360001,95.611763,18363900
2018/5/29,97.839996,98.879997,97.230003,98.010002,95.271538,28671000
2018/5/30,98.309998,99.25,97.910004,98.949997,96.185272,22158500
2018/5/31,99.290001,99.989998,98.610001,98.839996,96.078354,34140900
2018/6/1,99.279999,100.860001,99.169998,100.790001,97.973869,28655600
2018/6/4,101.260002,101.860001,100.849998,101.669998,98.829285,27281600
2018/6/5,102,102.330002,101.529999,102.190002,99.334755,23514400
2018/6/6,102.480003,102.599998,101.900002,102.489998,99.626366,21122900
2018/6/7,102.650002,102.690002,100.379997,100.879997,98.061363,28232200
2018/6/8,101.089996,101.949997,100.540001,101.629997,98.790398,22165100
2018/6/11,101.010002,101.589996,100.669998,101.050003,98.226601,23490900
2018/6/12,101.099998,101.449997,100.75,101.309998,98.479347,18325200
2018/6/13,101.720001,102.010002,100.559998,100.849998,98.032196,29492900
2018/6/14,101.650002,102.029999,101,101.419998,98.586266,25691800
2018/6/15,101.510002,101.529999,100.07,100.129997,97.332306,65738600
2018/6/18,100.010002,101.110001,99.419998,100.860001,98.041916,23586000
2018/6/19,99.650002,101,99.5,100.860001,98.041916,28653100
2018/6/20,101.370003,102.519997,101.120003,101.870003,99.023697,26180800
2018/6/21,102.080002,102.459999,100.879997,101.139999,98.314095,23198200
2018/6/22,100.410004,100.769997,99.629997,100.410004,97.604492,38923100
2018/6/25,100,100.110001,97.300003,98.389999,95.640938,35433300
2018/6/26,98.82,100.080002,98.75,99.080002,96.311661,26897200
2018/6/27,99.580002,100.019997,97.400002,97.540001,94.814682,31298400
2018/6/28,97.379997,99.110001,97.260002,98.629997,95.874222,26650700
2018/6/29,98.93,99.910004,98.330002,98.610001,95.854782,28053200
2018/7/2,98.099998,100.059998,98,100.010002,97.215668,19564500
2018/7/3,100.480003,100.629997,98.940002,99.050003,96.282494,14670300
2018/7/5,99.5,99.919998,99.029999,99.760002,96.972656,18977400
2018/7/6,99.889999,101.43,99.669998,101.160004,98.333542,19234600
2018/7/9,101.650002,102.25,101.25,101.849998,99.00425,18212000
2018/7/10,102,102.510002,101.860001,102.120003,99.266701,19293100
2018/7/11,101.150002,102.339996,101.099998,101.980003,99.130623,19644600
2018/7/12,102.769997,104.410004,102.730003,104.190002,101.278885,24335900
2018/7/13,104.370003,105.599998,104.089996,105.43,102.48423,24635200
2018/7/16,105.400002,105.82,104.519997,104.910004,101.978752,21786900
2018/7/17,104.610001,106.5,104.32,105.949997,102.9897,25901700
2018/7/18,105.940002,106.050003,104.720001,105.120003,102.182884,29493900
2018/7/19,104.93,105.309998,103.889999,104.400002,101.483009,40171600
2018/7/20,108.080002,108.199997,106.080002,106.269997,103.300751,56004000
2018/7/23,106.300003,108.139999,106.129997,107.970001,104.95327,29707000
2018/7/24,108.57,108.82,107.260002,107.660004,104.651917,26316600
2018/7/25,107.959999,111.150002,107.599998,110.830002,107.733345,30702100
2018/7/26,110.739998,111,109.5,109.620003,106.557159,31372100
2018/7/27,110.18,110.18,106.139999,107.68,104.671364,37005300
2018/7/30,107.190002,107.529999,104.760002,105.370003,102.425903,34668300
2018/7/31,106.489998,106.720001,105.379997,106.080002,103.116066,27655200
2018/8/1,106.029999,106.449997,105.419998,106.279999,103.310478,23628700
2018/8/2,105.400002,108.089996,104.839996,107.57,104.56443,26104300
2018/8/3,107.800003,108.050003,106.82,108.040001,105.021309,18659600
2018/8/6,108.120003,108.419998,107.559998,108.129997,105.108788,20265900
2018/8/7,108.559998,109.099998,108.169998,108.879997,105.83783,16080200
2018/8/8,109.330002,109.75,108.760002,109.489998,106.430786,15487500
2018/8/9,109.709999,110.160004,109.599998,109.669998,106.605751,13677200
2018/8/10,109.419998,109.690002,108.379997,109,105.954483,18183700
2018/8/13,109.239998,109.580002,108.099998,108.209999,105.186554,18472500
2018/8/14,108.559998,109.75,108.040001,109.559998,106.498833,16788300
2018/8/15,108.489998,108.989998,106.82,107.660004,105.054649,29982800
2018/8/16,108.300003,108.860001,107.300003,107.639999,105.035133,21384300
2018/8/17,107.360001,107.900002,106.690002,107.580002,104.976585,18061500
2018/8/20,107.510002,107.900002,106.480003,106.870003,104.283783,17914200
2018/8/21,106.919998,107.349998,105.849998,105.980003,103.415314,22881900
2018/8/22,105.849998,107.339996,105.779999,107.059998,104.46917,18000600
2018/8/23,107.150002,108.18,106.870003,107.559998,104.957062,18167700
2018/8/24,107.669998,108.559998,107.559998,108.400002,105.776741,17234000
2018/8/27,109.269997,109.639999,108.510002,109.599998,106.947693,19662300
2018/8/28,109.940002,110.5,109.790001,110.260002,107.591743,19151500
2018/8/29,110.449997,112.029999,110.269997,112.019997,109.309135,20818000
2018/8/30,111.669998,112.610001,111.440002,111.949997,109.240837,22798700
2018/8/31,111.690002,112.779999,111.519997,112.330002,109.611641,23222700
2018/9/4,110.849998,111.959999,110.220001,111.709999,109.006638,22634600
2018/9/5,111.010002,111.419998,108.099998,108.489998,105.864563,32872400
2018/9/6,108.25,108.989998,107.510002,108.739998,106.108505,23477600
2018/9/7,108.230003,108.720001,107.230003,108.209999,105.591339,22498600
2018/9/10,108.839996,109.639999,108.360001,109.379997,106.733025,20727900
2018/9/11,108.900002,111.589996,108.889999,111.239998,108.548004,24301800
2018/9/12,111.43,111.849998,110.510002,111.709999,109.006638,18891100
2018/9/13,112.120003,113.730003,112.120003,112.910004,110.177597,26055600
2018/9/14,113.360001,113.730003,112.440002,113.370003,110.626465,19122300
2018/9/17,113.690002,113.699997,111.860001,112.139999,109.426239,20736500
2018/9/18,112.190002,113.699997,111.720001,113.209999,110.470337,22170900
2018/9/19,113.050003,113.32,111.040001,111.699997,108.996872,21728400
2018/9/20,112.279999,113.800003,111.93,113.57,110.821632,23714500
2018/9/21,114,115.290001,113.510002,114.260002,111.494949,71229700
2018/9/24,113.029999,114.900002,112.220001,114.669998,111.895004,27334500
2018/9/25,114.800003,115.099998,113.75,114.449997,111.680321,22668000
2018/9/26,114.470001,115.059998,113.739998,113.980003,111.221718,19352000
2018/9/27,114.779999,114.910004,114.199997,114.410004,111.641304,19091300
2018/9/28,114.190002,114.57,113.68,114.370003,111.602264,21647800
2018/10/1,114.75,115.68,114.730003,115.610001,112.812271,18883100
2018/10/2,115.300003,115.839996,114.440002,115.150002,112.363396,20787200
2018/10/3,115.419998,116.18,114.93,115.169998,112.382904,16648000
2018/10/4,114.610001,114.760002,111.629997,112.790001,110.060501,34821700
2018/10/5,112.629997,113.169998,110.639999,112.129997,109.416473,29068900
2018/10/8,111.660004,112.029999,109.339996,110.849998,108.16745,29640600
2018/10/9,111.139999,113.080002,110.800003,112.260002,109.543335,26198600
2018/10/10,111.239998,111.5,105.790001,106.160004,103.590958,61376300
2018/10/11,105.349998,108.93,104.199997,105.910004,103.347,63904300
2018/10/12,109.010002,111.239998,107.120003,109.57,106.918419,47742100
2018/10/15,108.910004,109.480003,106.949997,107.599998,104.996094,32068100
2018/10/16,109.540001,111.410004,108.949997,111,108.31382,31610200
2018/10/17,111.68,111.809998,109.550003,110.709999,108.030838,26548200
2018/10/18,110.099998,110.529999,107.830002,108.5,105.874321,32506200
2018/10/19,108.93,110.860001,108.209999,108.660004,106.030457,32785500
2018/10/22,109.32,110.540001,108.239998,109.629997,106.976967,26545600
2018/10/23,107.769997,108.970001,105.110001,108.099998,105.483994,43770400
2018/10/24,108.410004,108.489998,101.589996,102.32,99.84388,63897800
2018/10/25,106.550003,109.269997,106.150002,108.300003,105.679176,61646800
2018/10/26,105.690002,108.75,104.760002,106.959999,104.371597,55523100
2018/10/29,108.110001,108.699997,101.629997,103.849998,101.336845,55162000
2018/10/30,103.660004,104.379997,100.110001,103.730003,101.219749,65350900
2018/10/31,105.440002,108.139999,105.389999,106.809998,104.225212,51062400
2018/11/1,107.050003,107.32,105.529999,105.919998,103.356743,33384200
2018/11/2,106.480003,107.32,104.980003,106.160004,103.590958,37680200
2018/11/5,106.370003,107.739998,105.900002,107.510002,104.908287,27922100
2018/11/6,107.379997,108.839996,106.279999,107.720001,105.113197,24340200
2018/11/7,109.440002,112.239998,109.400002,111.959999,109.250587,37901700
2018/11/8,111.800003,112.209999,110.910004,111.75,109.04567,25644100
2018/11/9,110.849998,111.449997,108.760002,109.57,106.918419,32039200
2018/11/12,109.419998,109.959999,106.099998,106.870003,104.283783,33621800
2018/11/13,107.550003,108.739998,106.639999,106.940002,104.352066,35374600
2018/11/14,108.099998,108.260002,104.470001,104.970001,102.872246,39495100
2018/11/15,104.989998,107.800003,103.910004,107.279999,105.136086,38505200
2018/11/16,107.080002,108.879997,106.800003,108.290001,106.125908,33502100
2018/11/19,108.269997,108.559998,103.550003,104.620003,102.529251,44773900
2018/11/20,101.800003,102.970001,99.349998,101.709999,99.677406,64052500
2018/11/21,103.599998,104.43,102.239998,103.110001,101.049423,28130600
2018/11/23,102.169998,103.809998,102,103.07,101.010223,13823100
2018/11/26,104.790001,106.629997,104.580002,106.470001,104.342278,32336200
2018/11/27,106.269997,107.330002,105.360001,107.139999,104.998894,29124500
2018/11/28,107.889999,111.330002,107.860001,111.120003,108.899353,46788500
2018/11/29,110.330002,111.120003,109.029999,110.190002,107.987938,28123200
2018/11/30,110.699997,110.970001,109.360001,110.889999,108.67395,33665600
2018/12/3,113,113.419998,110.730003,112.089996,109.84996,34732800
2018/12/4,111.940002,112.639999,108.209999,108.519997,106.351295,45197000
2018/12/6,105.82,109.239998,105,109.190002,107.007927,49107400
2018/12/7,108.379997,109.449997,104.300003,104.82,102.72525,45044900
2018/12/10,104.800003,107.980003,103.889999,107.589996,105.43988,40801500
2018/12/11,109.800003,110.949997,107.440002,108.589996,106.419899,42381900
2018/12/12,110.889999,111.269997,109.040001,109.080002,106.900116,36183000
2018/12/13,109.580002,110.870003,108.629997,109.449997,107.262711,31333400
2018/12/14,108.25,109.260002,105.5,106.029999,103.911064,47043100
2018/12/17,105.410004,105.800003,101.709999,102.889999,100.833817,56957300
2018/12/18,103.75,104.510002,102.519997,103.970001,101.892235,49319200
2018/12/19,103.650002,106.879997,101.349998,103.690002,101.617836,68198200
2018/12/20,103.050003,104.309998,98.779999,101.510002,99.4814,70334200
2018/12/21,101.629997,103,97.459999,98.230003,96.266937,111242100
2018/12/24,97.68,97.970001,93.980003,94.129997,92.248878,43935200
2018/12/26,95.139999,100.690002,93.959999,100.559998,98.550377,51634800
2018/12/27,99.300003,101.190002,96.400002,101.18,99.158005,49498500
2018/12/28,102.089996,102.410004,99.519997,100.389999,98.383781,38196300
2018/12/31,101.290001,102.400002,100.440002,101.57,99.540192,33173800
2019/1/2,99.550003,101.75,98.940002,101.120003,99.09919,35329300
2019/1/3,100.099998,100.190002,97.199997,97.400002,95.453529,42579100
2019/1/4,99.720001,102.510002,98.93,101.93,99.893005,44060600
2019/1/7,101.639999,103.269997,100.980003,102.059998,100.020401,35656100
2019/1/8,103.040001,103.970001,101.709999,102.800003,100.745613,31514400
2019/1/9,103.860001,104.879997,103.239998,104.269997,102.186226,32280800
2019/1/10,103.220001,103.75,102.379997,103.599998,101.529633,30067600
2019/1/11,103.190002,103.440002,101.639999,102.800003,100.745613,28314200
2019/1/14,101.900002,102.870003,101.260002,102.050003,100.010605,28437100
2019/1/15,102.510002,105.050003,101.879997,105.010002,102.911453,31587600
2019/1/16,105.260002,106.260002,104.959999,105.379997,103.274055,29853900
2019/1/17,105,106.629997,104.760002,106.120003,103.999275,28393000
2019/1/18,107.459999,107.900002,105.910004,107.709999,105.557495,37427600
2019/1/22,106.75,107.099998,104.860001,105.68,103.568062,32371300
2019/1/23,106.120003,107.040001,105.339996,106.709999,104.577469,25874300
2019/1/24,106.860001,107,105.339996,106.199997,104.077667,23164800
2019/1/25,107.239998,107.879997,106.199997,107.169998,105.028282,31225600
2019/1/28,106.260002,106.480003,104.660004,105.080002,102.980049,29476700
2019/1/29,104.879997,104.970001,102.169998,102.940002,100.882828,31490500
2019/1/30,104.620003,106.379997,104.330002,106.379997,104.254074,49471900
2019/1/31,103.800003,105.220001,103.18,104.43,102.34304,55636400
2019/2/1,103.779999,104.099998,102.349998,102.779999,100.726013,35535700
2019/2/4,102.870003,105.800003,102.769997,105.739998,103.626854,31315100
2019/2/5,106.059998,107.269997,105.959999,107.220001,105.077286,27325400
2019/2/6,107,107,105.529999,106.029999,103.911064,20609800
2019/2/7,105.190002,105.589996,104.290001,105.269997,103.166252,29760700
2019/2/8,104.389999,105.779999,104.260002,105.669998,103.558266,21461100
2019/2/11,106.199997,106.580002,104.970001,105.25,103.146645,18914100
2019/2/12,106.139999,107.139999,105.480003,106.889999,104.753891,25056600
2019/2/13,107.5,107.779999,106.709999,106.809998,104.675476,18394900
2019/2/14,106.309998,107.290001,105.660004,106.900002,104.76368,21784700
2019/2/15,107.910004,108.300003,107.360001,108.220001,106.057297,26606900
2019/2/19,107.790001,108.660004,107.779999,108.169998,106.008301,18038500
2019/2/20,107.860001,107.940002,106.290001,107.150002,105.457146,21607700
2019/2/21,106.900002,109.480003,106.870003,109.410004,107.68145,29063200
2019/2/22,110.050003,111.199997,109.82,110.970001,109.216789,27763200
2019/2/25,111.760002,112.18,111.260002,111.589996,109.826996,23750600
2019/2/26,111.260002,113.239998,111.169998,112.360001,110.584831,21536700
2019/2/27,111.690002,112.360001,110.879997,112.169998,110.397835,21487100
2019/2/28,112.040001,112.879997,111.730003,112.029999,110.260048,29083900
2019/3/1,112.889999,113.019997,111.669998,112.529999,110.752151,23501200
2019/3/4,113.019997,113.25,110.800003,112.260002,110.486412,26608000
2019/3/5,112.25,112.389999,111.230003,111.699997,109.935257,19538300
2019/3/6,111.870003,112.660004,111.43,111.75,109.984474,17687000
2019/3/7,111.400002,111.550003,109.870003,110.389999,108.645958,25339000
2019/3/8,109.160004,110.709999,108.800003,110.510002,108.764061,22818400
2019/3/11,110.989998,112.949997,110.980003,112.830002,111.047417,26491600
2019/3/12,112.82,113.989998,112.650002,113.620003,111.824928,26132700
2019/3/13,114.129997,115,113.779999,114.5,112.691025,35513800
2019/3/14,114.540001,115.199997,114.330002,114.589996,112.779602,30763400
2019/3/15,115.339996,117.25,114.589996,115.910004,114.078751,54681100
2019/3/18,116.169998,117.610001,116.050003,117.57,115.712517,31207600
2019/3/19,118.089996,118.440002,116.989998,117.650002,115.79126,37588700
2019/3/20,117.389999,118.75,116.709999,117.519997,115.663307,28113300
2019/3/21,117.139999,120.82,117.089996,120.220001,118.320663,29854400
2019/3/22,119.5,119.589996,117.040001,117.050003,115.200737,33624500
2019/3/25,116.559998,118.010002,116.32,117.660004,115.801117,27067100
2019/3/26,118.620003,118.709999,116.849998,117.910004,116.04715,26097700
2019/3/27,117.879997,118.209999,115.519997,116.769997,114.925156,22733400
2019/3/28,117.440002,117.580002,116.129997,116.93,115.082626,18334800
2019/3/29,118.07,118.32,116.959999,117.940002,116.076683,25399800
2019/4/1,118.949997,119.110001,118.099998,119.019997,117.13961,22789100
2019/4/2,119.059998,119.480003,118.519997,119.190002,117.306923,18142300
2019/4/3,119.860001,120.43,119.150002,119.970001,118.074615,22860700
2019/4/4,120.099998,120.230003,118.379997,119.360001,117.474251,20112800
2019/4/5,119.389999,120.230003,119.370003,119.889999,117.995872,15826200
2019/4/8,119.809998,120.019997,118.639999,119.93,118.035233,15116200
2019/4/9,118.629997,119.540001,118.580002,119.279999,117.3955,17612000
2019/4/10,119.760002,120.349998,119.540001,120.190002,118.291138,16477200
2019/4/11,120.540001,120.849998,119.919998,120.330002,118.428917,14209100
2019/4/12,120.639999,120.980003,120.370003,120.949997,119.039124,19745100
2019/4/15,120.940002,121.580002,120.57,121.050003,119.137543,15792600
2019/4/16,121.639999,121.650002,120.099998,120.769997,118.861961,14071800
2019/4/17,121.239998,121.849998,120.540001,121.769997,119.846169,19300900
2019/4/18,122.190002,123.519997,121.300003,123.370003,121.420891,27991000
2019/4/22,122.620003,124,122.57,123.760002,121.804726,15648700
2019/4/23,124.099998,125.580002,123.830002,125.440002,123.458191,24025500
2019/4/24,125.790001,125.849998,124.519997,125.010002,123.034981,31257000
2019/4/25,130.059998,131.369995,128.830002,129.149994,127.109573,38033900
2019/4/26,129.699997,130.520004,129.020004,129.889999,127.837875,23654900
2019/4/29,129.899994,130.179993,129.350006,129.770004,127.71978,16324200
2019/4/30,129.809998,130.699997,129.389999,130.600006,128.536667,24166500
2019/5/1,130.529999,130.649994,127.699997,127.879997,125.859627,26821700
2019/5/2,127.980003,128,125.519997,126.209999,124.216019,27350200
2019/5/3,127.360001,129.429993,127.25,128.899994,126.863518,24911100
2019/5/6,126.389999,128.559998,126.110001,128.149994,126.125359,24239800
2019/5/7,126.459999,127.18,124.220001,125.519997,123.536911,36017700
2019/5/8,125.440002,126.370003,124.75,125.510002,123.527084,28419000
2019/5/9,124.290001,125.790001,123.57,125.5,123.517242,27235800
2019/5/10,124.910004,127.93,123.82,127.129997,125.12149,30915100
2019/5/13,124.110001,125.550003,123.040001,123.349998,121.401199,33944900
2019/5/14,123.870003,125.879997,123.699997,124.730003,122.759407,25266300
2019/5/15,124.260002,126.709999,123.699997,126.019997,124.488129,24722700
2019/5/16,126.75,129.380005,126.459999,128.929993,127.362755,30112200
2019/5/17,128.309998,130.460007,127.919998,128.070007,126.513222,25770500
2019/5/20,126.519997,127.589996,125.760002,126.220001,124.685707,23706900
2019/5/21,127.43,127.529999,126.580002,126.900002,125.357445,15293300
2019/5/22,126.620003,128.240005,126.519997,127.669998,126.118073,15396500
2019/5/23,126.199997,126.290001,124.739998,126.18,124.646194,23603800
2019/5/24,126.910004,127.419998,125.970001,126.239998,124.705452,14123400
2019/5/28,126.980003,128,126.050003,126.160004,124.626442,23128400
2019/5/29,125.379997,125.389999,124.040001,124.940002,123.421265,22763100
2019/5/30,125.260002,125.760002,124.779999,125.730003,124.201653,16829600
2019/5/31,124.230003,124.620003,123.32,123.68,122.176575,26646800
2019/6/3,123.849998,124.370003,119.010002,119.839996,118.383247,37983600
2019/6/4,121.279999,123.279999,120.650002,123.160004,121.662903,29382600
2019/6/5,124.949997,125.870003,124.209999,125.830002,124.300446,24926100
2019/6/6,126.440002,127.970001,125.599998,127.82,126.266251,21459000
2019/6/7,129.190002,132.25,128.259995,131.399994,129.802719,33885600
2019/6/10,132.399994,134.080002,132,132.600006,130.988159,26477100
2019/6/11,133.880005,134.240005,131.279999,132.100006,130.494232,23913700
2019/6/12,131.399994,131.970001,130.710007,131.490005,129.891647,17084700
2019/6/13,131.979996,133,131.559998,132.320007,130.711548,17200800
2019/6/14,132.259995,133.789993,131.639999,132.449997,130.839981,17821700
2019/6/17,132.630005,133.729996,132.529999,132.850006,131.235123,14517800
2019/6/18,134.190002,135.240005,133.570007,135.160004,133.517029,25934500
2019/6/19,135,135.929993,133.809998,135.690002,134.040604,23744400
2019/6/20,137.449997,137.660004,135.720001,136.949997,135.285248,33042600
2019/6/21,136.580002,137.729996,136.460007,136.970001,135.305038,36727900
2019/6/24,137,138.399994,137,137.779999,136.105179,20628800
2019/6/25,137.25,137.589996,132.729996,133.429993,131.808044,33327400
2019/6/26,134.350006,135.740005,133.600006,133.929993,132.301971,23657700
2019/6/27,134.139999,134.710007,133.509995,134.149994,132.519287,16557500
2019/6/28,134.570007,134.600006,133.160004,133.960007,132.331619,30043000
2019/7/1,136.630005,136.699997,134.970001,135.679993,134.030701,22654200
2019/7/2,136.119995,136.589996,135.339996,136.580002,134.919754,15237800
2019/7/3,136.800003,137.740005,136.289993,137.460007,135.789063,13629300
2019/7/5,135.940002,137.330002,135.720001,137.059998,135.393936,18141100
2019/7/8,136.399994,137.100006,135.369995,136.960007,135.295151,16779700
2019/7/9,136,136.970001,135.800003,136.460007,134.801239,19953100
2019/7/10,137.130005,138.580002,137.020004,137.850006,136.174347,24204400
2019/7/11,138.199997,139.220001,137.869995,138.399994,136.717636,22327900
2019/7/12,138.850006,139.130005,138.009995,138.899994,137.211563,18936800
2019/7/15,139.440002,139.539993,138.460007,138.899994,137.211563,16651500
2019/7/16,138.960007,139.050003,136.520004,137.080002,135.413681,22726100
2019/7/17,137.699997,137.929993,136.220001,136.270004,134.613541,20211000
2019/7/18,135.550003,136.619995,134.669998,136.419998,134.761719,30808700
2019/7/19,140.220001,140.669998,136.449997,136.619995,134.959274,48992400
2019/7/22,137.410004,139.190002,137.330002,138.429993,136.747269,25074900
2019/7/23,139.759995,139.990005,138.029999,139.289993,137.596817,18034600
2019/7/24,138.899994,140.740005,138.850006,140.720001,139.009445,20738300
2019/7/25,140.429993,140.610001,139.320007,140.190002,138.485886,18356900
2019/7/26,140.369995,141.679993,140.300003,141.339996,139.621902,19037600
2019/7/29,141.5,141.509995,139.369995,141.029999,139.315674,16605900
2019/7/30,140.139999,141.220001,139.800003,140.350006,138.643936,16846500
2019/7/31,140.330002,140.490005,135.080002,136.270004,134.613541,38598800
2019/8/1,137,140.940002,136.929993,138.059998,136.38176,40557500
2019/8/2,138.089996,138.320007,135.259995,136.899994,135.235855,30791600
2019/8/5,133.300003,133.929993,130.779999,132.210007,130.60289,42749600
2019/8/6,133.800003,135.679993,133.210007,134.690002,133.05275,32696700
2019/8/7,133.789993,135.649994,131.830002,135.279999,133.635544,33414500
2019/8/8,136.600006,138.990005,135.929993,138.889999,137.201691,27496500
2019/8/9,138.610001,139.380005,136.460007,137.710007,136.036041,23466700
2019/8/12,137.070007,137.860001,135.240005,135.789993,134.139359,20476600
2019/8/13,136.050003,138.800003,135,138.600006,136.915222,25154600
2019/8/14,136.360001,136.919998,133.669998,133.979996,132.792084,32527300
2019/8/15,134.389999,134.580002,132.25,133.679993,132.494751,28074400
2019/8/16,134.880005,136.460007,134.720001,136.130005,134.92305,24449100
2019/8/19,137.850006,138.550003,136.889999,138.410004,137.182831,24355700
2019/8/20,138.210007,138.710007,137.240005,137.259995,136.043015,21170800
2019/8/21,138.550003,139.490005,138,138.789993,137.559433,14970300
2019/8/22,138.660004,139.199997,136.289993,137.779999,136.558395,18697000
2019/8/23,137.190002,138.350006,132.800003,133.389999,132.207321,38508600
2019/8/26,134.990005,135.559998,133.899994,135.449997,134.249069,20312600
2019/8/27,136.389999,136.720001,134.660004,135.740005,134.536484,23102100
2019/8/28,134.880005,135.759995,133.550003,135.559998,134.358078,17393300
2019/8/29,137.25,138.440002,136.910004,138.119995,136.895386,20168700
2019/8/30,139.149994,139.179993,136.270004,137.860001,136.637711,23940100
2019/9/3,136.610001,137.199997,135.699997,136.039993,134.833832,18869300
2019/9/4,137.300003,137.690002,136.479996,137.630005,136.409744,17995900
2019/9/5,139.110001,140.380005,138.759995,140.050003,138.808273,26101800
2019/9/6,140.029999,140.179993,138.199997,139.100006,137.866699,20824500
2019/9/9,139.589996,139.75,136.460007,137.520004,136.30072,25773900
2019/9/10,136.800003,136.889999,134.509995,136.080002,134.873489,28903400
2019/9/11,135.910004,136.270004,135.089996,136.119995,134.913101,24726100
2019/9/12,137.850006,138.419998,136.869995,137.520004,136.30072,27010000
2019/9/13,137.779999,138.059998,136.570007,137.320007,136.102478,23363100
2019/9/16,135.830002,136.699997,135.660004,136.330002,135.121262,16731400
2019/9/17,136.960007,137.520004,136.429993,137.389999,136.171875,17814200
2019/9/18,137.360001,138.669998,136.529999,138.520004,137.29184,23982100
2019/9/19,140.300003,142.369995,140.070007,141.070007,139.819244,35772100
2019/9/20,141.009995,141.649994,138.25,139.440002,138.20369,39167300
2019/9/23,139.229996,139.630005,138.440002,139.139999,137.906342,17139300
2019/9/24,140.360001,140.690002,136.880005,137.380005,136.161957,29773200
2019/9/25,137.5,139.960007,136.029999,139.360001,138.12439,21382000
2019/9/26,139.440002,140.179993,138.440002,139.539993,138.302795,17456600
2019/9/27,140.149994,140.360001,136.649994,137.729996,136.508835,22477700
2019/9/30,138.050003,139.220001,137.779999,139.029999,137.797318,17280900
2019/10/1,139.660004,140.25,137,137.070007,135.854706,21466600
2019/10/2,136.25,136.369995,133.580002,134.649994,133.456146,30521700
2019/10/3,134.949997,136.75,133.220001,136.279999,135.071701,24132900
2019/10/4,136.75,138.25,136.419998,138.119995,136.895386,22897700
2019/10/7,137.139999,138.179993,137.020004,137.119995,135.904251,15303700
2019/10/8,137.080002,137.759995,135.619995,135.669998,134.467117,25550500
2019/10/9,137.460007,138.699997,136.970001,138.240005,137.014328,19749900
2019/10/10,138.490005,139.669998,138.25,139.100006,137.866699,17654600
2019/10/11,140.119995,141.029999,139.5,139.679993,138.441544,25446000
2019/10/14,139.690002,140.289993,139.520004,139.550003,138.312714,13304300
2019/10/15,140.059998,141.789993,139.809998,141.570007,140.314804,19695700
2019/10/16,140.789993,140.990005,139.529999,140.410004,139.165085,20751600
2019/10/17,140.949997,141.419998,139.020004,139.690002,138.451462,21460600
2019/10/18,139.759995,140,136.559998,137.410004,136.191681,32273500
2019/10/21,138.449997,138.5,137.009995,138.429993,137.202621,20078200
2019/10/22,138.970001,140.009995,136.259995,136.369995,135.160904,27431000
2019/10/23,136.880005,137.449997,135.610001,137.240005,136.023209,29844600
2019/10/24,139.389999,140.419998,138.669998,139.940002,138.699265,37029300
2019/10/25,139.339996,141.139999,139.199997,140.729996,139.482239,25959700
2019/10/28,144.399994,145.669998,143.509995,144.190002,142.911575,35280100
2019/10/29,144.080002,144.5,142.649994,142.830002,141.563629,20589500
2019/10/30,143.520004,145,142.789993,144.610001,143.32785,18496600
2019/10/31,144.899994,144.929993,142.990005,143.369995,142.098831,24605100
2019/11/1,144.259995,144.419998,142.970001,143.720001,142.44574,33128400
2019/11/4,144.830002,145,144.160004,144.550003,143.268387,16912000
2019/11/5,144.970001,145.020004,143.910004,144.460007,143.179199,18250200
2019/11/6,144.369995,144.520004,143.199997,144.059998,142.782715,16575800
2019/11/7,143.839996,144.880005,143.770004,144.259995,142.980942,17786700
2019/11/8,143.979996,145.990005,143.759995,145.960007,144.665878,16732700
2019/11/11,145.339996,146.419998,144.729996,146.110001,144.814545,14362600
2019/11/12,146.279999,147.570007,146.059998,147.070007,145.766037,18641600
2019/11/13,146.740005,147.460007,146.279999,147.309998,146.003906,16919200
2019/11/14,147.020004,148.410004,147,148.059998,146.747253,19729800
2019/11/15,148.929993,149.990005,148.270004,149.970001,148.640335,23485700
2019/11/18,150.070007,150.550003,148.979996,150.339996,149.00705,21534000
2019/11/19,150.880005,151.330002,150.199997,150.389999,149.056595,23935700
2019/11/20,150.309998,150.839996,148.460007,149.619995,148.798019,25696800
2019/11/21,149.399994,149.800003,148.5,149.479996,148.658783,18576100
2019/11/22,150.070007,150.300003,148.820007,149.589996,148.768188,15901800
2019/11/25,150,151.350006,149.919998,151.229996,150.399185,22420900
2019/11/26,151.360001,152.419998,151.320007,152.029999,151.194794,24620100
2019/11/27,152.330002,152.5,151.520004,152.320007,151.4832,15184400
2019/11/29,152.100006,152.300003,151.279999,151.380005,150.54837,11977300
2019/12/2,151.809998,151.830002,148.320007,149.550003,148.728424,27418400
2019/12/3,147.490005,149.429993,146.649994,149.309998,148.489731,24066000
2019/12/4,150.139999,150.179993,149.199997,149.850006,149.026764,17574700
2019/12/5,150.050003,150.320007,149.479996,149.929993,149.106323,17869100
2019/12/6,150.990005,151.869995,150.270004,151.75,150.916321,16403500
2019/12/9,151.070007,152.210007,150.910004,151.360001,150.528473,16687400
2019/12/10,151.289993,151.889999,150.759995,151.130005,150.299744,16476100
2019/12/11,151.539993,151.869995,150.330002,151.699997,150.866592,18856600
2019/12/12,151.649994,153.440002,151.020004,153.240005,152.398148,24612100
2019/12/13,153,154.889999,152.830002,154.529999,153.681061,23845400
2019/12/16,155.110001,155.899994,154.820007,155.529999,154.675552,24144200
2019/12/17,155.449997,155.710007,154.449997,154.690002,153.840179,25425600
2019/12/18,154.300003,155.479996,154.179993,154.369995,153.521942,24129200
2019/12/19,154,155.770004,153.75,155.710007,154.854584,24958900
2019/12/20,157.350006,158.490005,156.289993,157.410004,156.545242,53477500
2019/12/23,158.119995,158.119995,157.270004,157.410004,156.545242,17718200
2019/12/24,157.479996,157.710007,157.119995,157.380005,156.515396,8989200
2019/12/26,157.559998,158.729996,157.399994,158.669998,157.798309,14520600
2019/12/27,159.449997,159.550003,158.220001,158.960007,158.086731,18412800
2019/12/30,158.990005,159.020004,156.729996,157.589996,156.724243,16348400
2019/12/31,156.770004,157.770004,156.449997,157.699997,156.833633,18369400
2020/1/2,158.779999,160.729996,158.330002,160.619995,159.737595,22622100
2020/1/3,158.320007,159.949997,158.059998,158.619995,157.748581,21116200
2020/1/6,157.080002,159.100006,156.509995,159.029999,158.156342,20813700
2020/1/7,159.320007,159.669998,157.320007,157.580002,156.71431,21634100
2020/1/8,158.929993,160.800003,157.949997,160.089996,159.210495,27746500
2020/1/9,161.839996,162.220001,161.029999,162.089996,161.199509,21385000
2020/1/10,162.820007,163.220001,161.179993,161.339996,160.453644,20725900
2020/1/13,161.759995,163.309998,161.259995,163.279999,162.38298,21626500
2020/1/14,163.389999,163.600006,161.720001,162.130005,161.239304,23477400
2020/1/15,162.619995,163.940002,162.570007,163.179993,162.283539,21417900
2020/1/16,164.350006,166.240005,164.029999,166.169998,165.257111,23865400
2020/1/17,167.419998,167.470001,165.429993,167.100006,166.182007,34371700
2020/1/21,166.679993,168.190002,166.429993,166.5,165.585297,29517200
2020/1/22,167.399994,167.490005,165.679993,165.699997,164.789688,24138800
2020/1/23,166.190002,166.800003,165.270004,166.720001,165.804092,19680800
2020/1/24,167.509995,167.529999,164.449997,165.039993,164.133316,24918100
2020/1/27,161.149994,163.380005,160.199997,162.279999,161.388474,32078100
2020/1/28,163.779999,165.759995,163.070007,165.460007,164.551025,24899900
2020/1/29,167.839996,168.75,165.690002,168.039993,167.116821,34754500
2020/1/30,174.050003,174.050003,170.789993,172.779999,171.830795,51597500
2020/1/31,172.210007,172.399994,169.580002,170.229996,169.2948,36142700
2020/2/3,170.429993,174.5,170.399994,174.380005,173.422012,30149100
2020/2/4,177.139999,180.639999,176.309998,180.119995,179.130478,36433300
2020/2/5,184.029999,184.199997,178.410004,179.899994,178.911682,39186300
2020/2/6,180.970001,183.820007,180.059998,183.630005,182.621201,27751400
2020/2/7,182.850006,185.630005,182.479996,183.889999,182.879761,33529100
2020/2/10,183.580002,188.839996,183.25,188.699997,187.66333,35844300
2020/2/11,190.649994,190.699997,183.5,184.440002,183.426743,53159900
2020/2/12,185.580002,185.850006,181.850006,184.710007,183.695251,47062900
2020/2/13,183.080002,186.229996,182.869995,183.710007,182.70076,35295800
2020/2/14,183.25,185.410004,182.649994,185.350006,184.331741,23149500
2020/2/18,185.610001,187.699997,185.5,187.229996,186.201416,27792200
2020/2/19,188.059998,188.179993,186.470001,187.279999,186.759857,29997500
2020/2/20,186.949997,187.25,181.100006,184.419998,183.907806,36862400
2020/2/21,183.169998,183.5,177.25,178.589996,178.093994,48572600
2020/2/24,167.770004,174.550003,163.229996,170.889999,170.415375,68311100
2020/2/25,174.199997,174.839996,167.649994,168.070007,167.603226,68073300
2020/2/26,169.710007,173.259995,168.210007,170.169998,169.697372,56206100
2020/2/27,163.320007,167.029999,157.979996,158.179993,157.740677,93033600
2020/2/28,152.410004,163.710007,152,162.009995,161.560043,97073600
2020/3/2,165.309998,172.919998,162.309998,172.789993,172.310104,71030800
2020/3/3,173.800003,175,162.259995,164.509995,164.053101,71677000
2020/3/4,168.490005,170.699997,165.619995,170.550003,170.076324,49814400
2020/3/5,166.050003,170.869995,165.690002,166.270004,165.808212,47817300
2020/3/6,162.610001,163.110001,156,161.570007,161.121277,72821100
2020/3/9,151,157.75,150,150.619995,150.201675,70419300
2020/3/10,158.160004,161.029999,152.580002,160.919998,160.473068,65354400
2020/3/11,157.130005,157.699997,151.149994,153.630005,153.203323,56371600
2020/3/12,145.300003,153.470001,138.580002,139.059998,138.673782,93226400
2020/3/13,147.5,161.910004,140.729996,158.830002,158.38887,92727400
2020/3/16,140,149.350006,135,135.419998,135.043884,87905900
2020/3/17,140,147.5,135,146.570007,146.162933,81059800
2020/3/18,138,146,135.020004,140.399994,140.010056,81593200
2020/3/19,142.770004,150.149994,139,142.710007,142.31366,85922700
2020/3/20,146,147.100006,135.860001,137.350006,136.968536,84866200
2020/3/23,137.009995,140.570007,132.520004,135.979996,135.602341,78975200
2020/3/24,143.75,149.600006,141.270004,148.339996,147.928009,82516700
2020/3/25,148.910004,154.330002,144.440002,146.919998,146.511948,75638200
2020/3/26,148.399994,156.660004,148.369995,156.110001,155.676437,64568100
2020/3/27,151.75,154.889999,149.199997,149.699997,149.284225,57042300
2020/3/30,152.440002,160.600006,150.009995,160.229996,159.784988,63420300
2020/3/31,159.399994,164.779999,156.559998,157.710007,157.271988,77927200
2020/4/1,153,157.75,150.820007,152.110001,151.687546,57969900
2020/4/2,151.860001,155.479996,150.360001,155.259995,154.828781,49630700
2020/4/3,155.100006,157.380005,152.190002,153.830002,153.402771,41243300
2020/4/6,160.320007,166.5,157.580002,165.270004,164.810989,67111700
2020/4/7,169.589996,170,163.259995,163.490005,163.035934,62769000
2020/4/8,165.669998,166.669998,163.5,165.130005,164.671387,48318200
2020/4/9,166.360001,167.369995,163.330002,165.139999,164.681351,51431800
2020/4/13,164.350006,165.570007,162.300003,165.509995,165.050323,41905300
2020/4/14,169,173.75,168,173.699997,173.217575,52874300
2020/4/15,171.199997,173.570007,169.240005,171.880005,171.402634,40940800
2020/4/16,174.300003,177.279999,172.899994,177.039993,176.548294,50479600
2020/4/17,179.5,180,175.869995,178.600006,178.103973,52765600
2020/4/20,176.630005,178.75,174.990005,175.059998,174.573792,36669600
2020/4/21,173.5,173.669998,166.110001,167.820007,167.353912,56203700
2020/4/22,171.389999,174,170.820007,173.520004,173.038086,34651600
2020/4/23,174.110001,175.059998,170.910004,171.419998,170.943909,32790800
2020/4/24,172.059998,174.559998,170.710007,174.550003,174.065216,34305300
2020/4/27,176.589996,176.899994,173.300003,174.050003,173.566605,33194400
2020/4/28,175.589996,175.669998,169.389999,169.809998,169.338379,34392700
2020/4/29,173.220001,177.679993,171.880005,177.429993,176.93721,51286600
2020/4/30,180,180.399994,176.229996,179.210007,178.71228,53661300
2020/5/1,175.800003,178.639999,174.009995,174.570007,174.085175,39370500
2020/5/4,174.490005,179,173.800003,178.839996,178.343292,30372900
2020/5/5,180.619995,183.649994,179.899994,180.759995,180.257965,36839200
2020/5/6,182.080002,184.199997,181.630005,182.539993,182.03302,32139300
2020/5/7,184.169998,184.550003,182.580002,183.600006,183.090088,28316000
2020/5/8,184.979996,185,183.360001,184.679993,184.167068,30912600
2020/5/11,183.149994,187.509995,182.850006,186.740005,186.221359,30892700
2020/5/12,186.800003,187.039993,182.300003,182.509995,182.003098,32038200
2020/5/13,182.550003,184.050003,176.539993,179.75,179.250778,44711500
2020/5/14,177.539993,180.690002,175.679993,180.529999,180.02861,41873900
2020/5/15,179.059998,187.059998,177,183.160004,182.651306,46610400
2020/5/18,185.75,186.199997,183.960007,184.910004,184.396439,35306600
2020/5/19,185.029999,186.600006,183.490005,183.630005,183.119995,26799100
2020/5/20,184.809998,185.850006,183.940002,185.660004,185.660004,31261300
2020/5/21,185.399994,186.669998,183.289993,183.429993,183.429993,29119500
2020/5/22,183.190002,184.460007,182.539993,183.509995,183.509995,20826900
2020/5/26,186.339996,186.5,181.100006,181.570007,181.570007,36073600
2020/5/27,180.199997,181.990005,176.600006,181.809998,181.809998,39517100
2020/5/28,180.740005,184.149994,180.380005,181.399994,181.399994,33810200
2020/5/29,182.729996,184.270004,180.410004,183.25,183.25,42146700
2020/6/1,182.539993,183,181.460007,182.830002,182.830002,22622400
2020/6/2,184.25,185,181.350006,184.910004,184.910004,30794600
2020/6/3,184.820007,185.940002,183.580002,185.360001,185.360001,27311000
2020/6/4,184.300003,185.839996,182.300003,182.919998,182.919998,28761800
2020/6/5,182.619995,187.729996,182.009995,187.199997,187.199997,39893600
2020/6/8,185.940002,188.550003,184.440002,188.360001,188.360001,33211600
2020/6/9,188,190.699997,187.259995,189.800003,189.800003,29783900
2020/6/10,191.130005,198.520004,191.009995,196.839996,196.839996,43872300
2020/6/11,193.130005,195.759995,186.070007,186.270004,186.270004,52854700
2020/6/12,190.539993,191.720001,185.179993,187.740005,187.740005,43345700
2020/6/15,184.580002,190.820007,184.009995,188.940002,188.940002,32770200
2020/6/16,192.889999,195.580002,191.460007,193.570007,193.570007,42556700
2020/6/17,195.029999,196.320007,193.690002,194.240005,194.240005,25655900
2020/6/18,194,196.490005,194,196.320007,196.320007,23061600
2020/6/19,198.589996,199.289993,194.369995,195.149994,195.149994,44441100
2020/6/22,195.789993,200.759995,195.229996,200.570007,200.570007,32818900
2020/6/23,202.089996,203.949997,201.429993,201.910004,201.910004,30917400
2020/6/24,201.600006,203.25,196.559998,197.839996,197.839996,36740600
2020/6/25,197.800003,200.610001,195.470001,200.339996,200.339996,27803900
2020/6/26,199.729996,199.889999,194.880005,196.330002,196.330002,54675800
2020/6/29,195.779999,198.529999,193.550003,198.440002,198.440002,26701600
2020/6/30,197.880005,204.399994,197.740005,203.509995,203.509995,34310300
2020/7/1,203.139999,206.350006,201.770004,204.699997,204.699997,32061200
2020/7/2,205.679993,208.020004,205,206.259995,206.259995,29315800
?,,,,,,
