CountryName, Country Code, 1990.0, 2000.0, 2007.0, 2008.0, 2009.0, 2010.0, 2011.0, 2012.0, 2013.0, 2014.0, 2015.0, Change 1990-2015, Change 2007-2015
Afghanistan, AFG, 101.09492992088562, 103.25420233108582, 100.00037097870675, 100.2158856845112, 100.06048001795355, 99.45983890680668, 97.66791091499424, 95.31270706572562, 92.60278504286286, 89.77377698016771, 86.95446404554056, -14.140465875345058, -13.045906933166194
Albania, ALB, 61.80831092794021, 59.58586564113797, 50.86298722243529, 49.66378745639291, 48.637067064180314, , 46.72028802792998, 45.83573858002281, 45.247476793722875, 44.912168418690996, 44.806972786984666, -17.001338140955546, -6.056014435450621
Algeria, DZA, 87.67570539818638, 62.886169400131045, 49.487869883749106, 48.91000210589382, 48.64502633277251, 48.681853058863126, 49.23357573896814, 49.847712530054054, 50.60069691127289, 51.536631469296445, 52.61757884801745, -35.05812655016893, 3.129708964268346
American Samoa, ASM, , , , , , , , , , , , , 
Andorra, ADO, , , , , , , , , , , , , 
Algeria, DZA, 87.67570539818638, 62.886169400131045, 49.487869883749106, 48.91000210589382, 48.64502633277251, 48.681853058863126, 49.23357573896814, 49.847712530054054, 50.60069691127289, 51.536631469296445, 52.61757884801745, -35.05812655016893, 3.129708964268346
Angola, AGO, 101.39472179676305, 100.93047497001781, 102.56381097190766, 102.60918569128764, 102.42878799133743, 102.03569012951638, 102.10675628190114, 101.8369003982887, 101.31523446437672, 100.63766732349163, 99.85575099458731, -1.53897080217574, -2.708059977320346
Antigua and Barbuda, ATG, 60.61541654775186, 56.98198653539009, 53.56356556705908, 52.56055054070963, 51.464626077189045, 50.300659901100985, 49.27607403518873, 48.2259943418206, 47.22194954353588, 46.34853168469861, 45.6503807106599, -14.96503583709196, -7.913184856399177
Argentina, ARG, 65.74592462070696, 61.02130589520138, 58.05360604507279, 57.58879180857005, 57.19767395176291, 56.929087579624436, 56.737187512322805, 56.66254980740973, 56.65528298839195, 56.6303447020729, 56.54535970390741, -9.20056491679955, -1.508246341165382
Armenia, ARM, 56.230979059721506, 55.896643210273844, 48.08573967367899, 46.82264096563446, 45.789438760589135, 45.05936012264593, 43.66159959921683, 42.53044578525432, 41.75119713332285, 41.32933030442076, 41.262647209445376, -14.96833185027613, -6.823092464233611
Aruba, ABW, 47.500830683058815, 44.42077822990844, 43.47598055197244, 43.957839112462175, 44.5310607248215, 45.15723450157878, 44.993172507965404, 44.70668042227844, 44.35530246714448, 44.070251674814415, 43.95238953013067, -3.5484411529281488, 0.4764089781582257
Australia, AUS, 49.535548724775495, 49.689047260877366, 48.01052495284508, 47.912500162709875, 47.96929928828184, 48.155595812243455, 48.622268395162635, 49.090162002545554, 49.614262305256716, 50.231117793147284, 50.927364350068785, 1.3918156252932903, 2.916839397223704
Austria, AUT, 46.59883299091902, 47.41429561884238, 47.641838190485416, 47.78383606329126, 47.92921303570624, 48.09766642784718, 48.33480401722963, 48.549054809373295, 48.76464487981194, 48.978837220051226, 49.17973629183565, 2.5809033009166313, 1.5378981013502369
Azerbaijan, AZE, 62.21989080349728, 57.90272989734733, 44.23620765321053, 42.51898906070726, 41.14857459902636, 40.16982620292915, 39.201775235656825, 38.658365466697866, 38.349145558071434, 38.11915551437847, 38.01600761913478, -24.203883184362496, -6.220200034075745
Armenia, ARM, 56.230979059721506, 55.896643210273844, 48.08573967367899, 46.82264096563446, 45.789438760589135, 45.05936012264593, 43.66159959921683, 42.53044578525432, 41.75119713332285, 41.32933030442076, 41.262647209445376, -14.96833185027613, -6.823092464233611
Bahamas, The, BHS, 58.104507438383536, 53.03930131004366, 45.313780351630996, 44.329892638735345, 43.10665435051813, 41.81562357528023, 41.594912466310916, 41.25563770023556, 41.00281004750585, 40.99351447648353, 41.24625515541788, -16.85825228296566, -4.0675251962131185
Bahrain, BHR, 53.553017378838874, 49.5794266744426, 33.820172722828744, 31.282091708749654, 29.303111531758713, 27.79554237058021, 28.57315842583249, 29.329224001574943, 30.120311148524532, 30.8580482316441, 31.38151989033391, -22.171497488504965, -2.438652832494835
Bangladesh, BGD, 83.3335244802952, 69.19631519616526, 61.32581017191927, 60.31973114748461, 59.295646938249114, 58.26268284937173, 57.06060386589612, 55.9304577020618, 54.827015181003134, 53.68590411194475, 52.486748755946756, -30.84677572434844, -8.839061415972516
Barbados, BRB, 51.889769750850235, 50.30413083195936, 47.65066940416613, 47.53152098739161, 47.60281778234805, 47.89660790993927, 48.017913943441314, 48.40151363430342, 48.99397174154962, 49.69493674229418, 50.44357869551869, -1.4461910553315462, 2.792909291352558
Belarus, BLR, 50.49739173796054, 46.949293020415304, 42.09072553226434, 41.298549687839646, 40.71650708089549, 40.456381115439754, 40.668007465071334, 41.12160360903888, 41.72133178526808, 42.34585280212503, 42.957484236807204, -7.539907501153337, 0.8667587045428675
Belgium, BEL, 49.4956157914898, 52.62609212996442, 51.67363129823349, 51.43927057840049, 51.32401061518335, 51.418911237860385, 51.784957168666836, 52.28503932460724, 52.91062054997585, 53.593879555197496, 54.247803322218445, 4.752187530728648, 2.574172023984957
Belize, BLZ, 90.80522915712905, 80.66476733143399, 69.94692059731413, 68.29835420354226, 66.74545589750672, 65.31852225003728, 63.350949013770006, 61.59402205734141, 59.951390889741894, 58.34623973490851, 56.7809220430694, -34.024307114059646, -13.16599855424473
Benin, BEN, 97.33908522645218, 93.5671894014663, 88.82484594455283, 88.06984312082524, 87.1970045179774, 86.22322274454605, 85.61008977027328, 84.85309944364504, 83.9785746953692, 83.01346861232092, 81.98219189286701, -15.356893333585177, -6.842654051685827
Bermuda, BMU, , , , , , , , , , , , , 
Bhutan, BTN, 87.07336840707903, 79.937553022523, 57.746821202630535, 56.06845552883266, 54.47349641330275, 52.89444970429275, 51.72718174415208, 50.426373679718125, 49.10356519058872, 47.90966197678713, 46.90335619840665, -40.17001220867238, -10.843465004223887
Bolivia, BOL, 84.14547185181226, 76.61654896482668, 70.93571345677518, 70.17319883387795, 69.35285365175588, 68.4556069805953, 67.54707432942854, 66.5496611426981, 65.52392329952484, 64.55646168350134, 63.69471812444193, -20.450753727370333, -7.240995332333249
Bosnia and Herzegovina, BIH, 44.10043940009346, 43.14897105301098, 39.84663698162236, 39.59814918564241, 39.39908189232757, 39.19035495689381, 39.49480176378219, 39.638518797343515, 39.75876970943513, 40.08981767847943, 40.73018063202743, -3.37025876806603, 0.8835436504050662
Botswana, BWA, 89.99657133887152, 69.78543382531228, 60.46861336197294, 59.392614467970674, 58.43854662392619, 57.59686504116096, 56.94339404417414, 56.40377688345516, 55.96732619558278, 55.600515879413194, 55.270268137231696, -34.72630320163982, -5.198345224741246
Brazil, BRA, 64.9898331350147, 53.214045400823295, 48.93349915206541, 48.3234673869526, 47.73305202702417, 47.183668565733726, 46.504259005817076, 45.99789890181947, 45.578531461501015, 45.142888567192585, 44.65985466665504, -20.329978468359663, -4.273644485410365
British Virgin Islands, VGB, , , , , , , , , , , , , 
Brunei Darussalam, BRN, 59.13575582655659, 49.1178447533078, 42.81698735673831, 41.929159538266, 41.12225515609562, 40.42989252686829, 39.56485887787118, 39.00583772962708, 38.64101155962252, 38.318023356000054, 37.983788401468566, -21.151967425088024, -4.833198955269744
Bulgaria, BGR, 50.328883104459244, 47.61287720890703, 45.15376471984654, 45.48987016214925, 46.00580026677226, 46.67550548873001, 47.70587745785204, 48.73792732780664, 49.77889150943396, 50.84738578025666, 51.909880799904506, 1.5809976954452623, 6.756116080057964
Burkina Faso, BFA, 102.16785260960985, 98.15605410806215, 96.279118665049, 96.07050161565758, 95.72839310832313, 95.23231510802239, 95.0174145490851, 94.54328716078396, 93.868973379966, 93.06758090548104, 92.17971533459871, -9.988137275011141, -4.099403330450286
Burundi, BDI, 103.26111281305879, 107.07350188512272, 89.74256351676915, 88.66368387769126, 87.81145409507617, 87.16187491901654, 87.68248677184775, 88.12448588746578, 88.56445601932136, 89.07516975820894, 89.65469504296908, -13.606417770089706, -0.08786847380007146
Cabo Verde, CPV, 101.23718149063268, 94.54547066987703, 69.52974743738773, 66.21570554001966, 63.09416890080429, 60.21635361498727, 58.287274273311105, 56.35184237142108, 54.57736821896769, 53.13370660293868, 52.048187843786785, -49.188993646845894, -17.48155959360094
Cambodia, KHM, 89.3203063301535, 80.75731651981812, 63.82184709738192, 61.891915977276945, 60.2084041486917, 58.87998109844494, 58.016366109514685, 57.11222484118507, 56.33104613469928, 55.80955703435079, 55.56991958506963, -33.75038674508387, -8.251927512312292
Cameroon, CMR, 99.23170155813703, 94.80433723870395, 89.82785535547463, 89.06519354181778, 88.2675791007601, 87.46946891225792, 87.00646856739885, 86.46617835937394, 85.84479218438584, 85.11251798958808, 84.25798920065766, -14.973712357479371, -5.569866154816964
Canada, CAN, 46.91076129388041, 46.44684924646722, 43.99535262826245, 43.89356858529963, 43.937933279388204, 44.14449753744007, 44.61273578831689, 45.13154665820721, 45.74648919911752, 46.47260700177447, 47.29240450450062, 0.38164321062020434, 3.2970518762381644
Cayman Islands, CYM, , , , , , , , , , , , , 
Central African Republic, CAF, 89.34661370501874, 85.37948821790715, 82.83738144363988, 81.988615733383, 81.01698404358196, 79.94946000664744, 79.07667024880372, 78.17663149547259, 77.23908029543121, 76.23280568456477, 75.15610361655683, -14.190510088461906, -7.681277827083051
Chad, TCD, 102.77602691145819, 107.03774701571149, 107.21339559760843, 106.70155439856886, 105.95183885330775, 105.01565745004584, 104.5413677589832, 103.79000284317928, 102.84969376084399, 101.8008430837104, 100.68666069740308, -2.0893662140551044, -6.526734900205341
Channel Islands, CHI, 44.342517059155504, 45.9920292131302, 45.49477108993725, 45.4398626698169, 45.30056246679247, 45.18104075691412, 45.42447829356917, 45.71531791907514, 46.08211476606211, 46.51468141553127, 47.009376010345946, 2.6668589511904415, 1.5146049204086935
Chile, CHL, 55.740306763749345, 52.25987739428069, 47.305806341467736, 46.83995243165844, 46.42471349230185, 46.05697914331107, 45.794750803971624, 45.562993506252155, 45.38092712488453, 45.26989594304306, 45.24316588447076, -10.497140879278582, -2.0626404569969736
China, CHN, 51.938678227525436, 46.44688910560153, 36.07978767098651, 35.285832981913885, 34.75640344105456, 34.518758712073286, 34.49331160507848, 34.73728649167196, 35.21478298166808, 35.84650546746413, 36.57994248034361, -15.358735747181825, 0.5001548093570989
Colombia, COL, 68.12019825211041, 56.92254017629297, 50.04231987863703, 49.111362343951924, 48.285014368206866, 47.61301301099216, 47.007203366098715, 46.5517677407488, 46.20619121122911, 45.90394030513825, 45.61504717580285, -22.505151076307563, -4.4272727028341805
Comoros, COM, 98.33077742584285, 88.55704778856118, 80.88744046126848, 80.13958222790129, 79.3885196819734, 78.62173694073255, 78.08698247665005, 77.49877217642917, 76.8836168455433, 76.26505996515863, 75.6458008465137, -22.68497657932916, -5.241639614754789
Congo, Dem. Rep., ZAR, 94.49184078501045, 97.93938750289244, 98.4358539299468, 98.23635257784676, 97.93853122733299, 97.58179016613765, 97.5479722205918, 97.37186666451767, 97.05183779919024, 96.56541343719651, 95.91275718983447, 1.4209164048240126, -2.5230967401123365
Congo, Rep., COG, 90.11068235264126, 82.85547433922784, 84.02142884028314, 84.13425068063603, 84.19510166479245, 84.16292625924534, 84.84945431503527, 85.40006116289965, 85.81046996665899, 86.07687166824589, 86.19048827990412, -3.9201940727371465, 2.1690594396209804
Costa Rica, CRI, 66.19922150330065, 57.33462018966969, 49.24855933595729, 48.50126072521622, 47.808393763955024, 47.13840279122104, 46.746230855232625, 46.305786345017935, 45.88035935463954, 45.55770534575724, 45.36935187072125, -20.829869632579395, -3.8792074652360355
["Cote dIvoire", CIV, 90.3117218568531, 86.15447240965203, 88.45218841130519, 88.23108109573957, 87.8626966900988, 87.37669369328451, 86.74231280472033, 86.01977204411025, 85.22006183684591, 84.36521160001638, 83.49039142041573, -6.821330436437364, -4.961796990889454
Croatia, HRV, 45.698111746770635, 49.003752026245664, 48.866104067340096, 48.98542602968415, 49.144011481425856, 49.302572369543874, 49.738345715271166, 49.99688938549371, 50.19799631959783, 50.544492683562716, 51.12070470461303, 5.422592957842397, 2.2546006372729366
Cuba, CUB, 47.09767908016706, 46.33770920032551, 43.250598091818915, 43.17376158585996, 43.14928782942878, 43.14355136898082, 43.08084829796315, 43.05904571732137, 43.09180161471707, 43.2084985404303, 43.42712073149385, -3.670558348673211, 0.17652263967493553
Curacao, CUW, 53.27366834276799, 54.26101987899741, 49.266907749536315, 48.993974057808195, 48.9939015109235, 49.34668420894053, 48.973302912678896, 49.16437818752452, 49.735712408375434, 50.42307061468253, 51.097088770973755, -2.1765795717942353, 1.8301810214374399
Cyprus, CYP, 54.79148073513793, 48.43109023532467, 43.11447380820959, 42.51989238987893, 41.97446640089781, 41.51567566735863, 41.4302306288369, 41.36148789048613, 41.36144584280571, 41.45541178302596, 41.63596651688316, -13.155514218254773, -1.47850729132643
Czech Republic, CZE, 51.9905399325134, 43.22019589274095, 40.580677921680824, 40.855050732142026, 41.35830407976317, 42.121056783511456, 43.396350145376125, 44.79179638639857, 46.31009339585792, 47.90969388550945, 49.516790637900975, -2.473749294612425, 8.936112716220151
Denmark, DNK, 48.47588747236802, 50.006615936062246, 51.88794844511586, 52.2336579305934, 52.59458880008487, 52.9628597196936, 53.47227808860917, 53.96183315614803, 54.53552902166111, 55.19954370837598, 55.86142943797905, 7.385541965611026, 3.9734809928631876
Djibouti, DJI, 90.17383265778433, 80.13566978542634, 65.74199448016738, 63.98515778962868, 62.41409904503884, 61.09493098995195, 60.33285463417607, 59.79922748099611, 59.41033843771031, 59.01755379388448, 58.533867814193506, -31.639964843590825, -7.208126665973872
Dominica, DMA, , , , , , , , , , , , , 
Dominican Republic, DOM, 74.276374125573, 67.1711110603504, 62.2124006176961, 61.37528073028474, 60.62627846288616, 60.016253851074694, 59.3906773572069, 58.90448770970858, 58.51284741820555, 58.14265104521984, 57.757324961876975, -16.519049163696025, -4.4550756558191225
Ecuador, ECU, 73.79099502085627, 65.92965823756279, 60.284128310537014, 59.63879617435276, 58.99345446926571, 58.315459094618305, 57.738337742761026, 57.09823098722878, 56.46815225693395, 55.94780295616935, 55.57777234484179, -18.21322267601448, -4.706355965695224
Egypt, Arab Rep., EGY, 84.09096139200648, 70.67385082153092, 59.60583150627021, 58.7719965197914, 58.32359340185403, 58.36469623465472, 58.59662160160612, 59.472888637769415, 60.66742867663698, 61.6900407827538, 62.28639809334052, -21.804563298665954, 2.6805665870703095
El Salvador, SLV, 79.4004252666456, 71.26836169763209, 64.9446126411686, 63.63925009702472, 62.30259916268729, 60.93192935025227, 59.47247107208171, 57.970628788470044, 56.53122967738287, 55.294848122565774, 54.32195105240528, -25.078474214240316, -10.622661588763322
Equatorial Guinea, GNQ, 73.62555959934298, 87.45401004187646, 78.28781062553556, 77.38048156333605, 76.45613019458321, 75.50861153326477, 75.0244734707577, 74.42278299526143, 73.80464361720685, 73.26839255749158, 72.85137473562776, -0.7741848637152202, -5.4364358899077985
Eritrea, ERI, , , , , , , , , , , , , 
Estonia, EST, 51.16860896949893, 48.37360811953285, 47.23540994696723, 47.49148975129997, 47.901474010861136, 48.49356776017532, 49.41553610281612, 50.33694353737863, 51.28905918193526, 52.32812264621018, 53.486141186407565, 2.3175322169086314, 6.250731239440334
Ethiopia, ETH, 97.79894821889921, 98.37085869174467, 95.55550785042342, 94.41177244186551, 92.99969763370545, 91.36440760884614, 89.50437580937532, 87.56917348960324, 85.58038752112151, 83.56816614499442, 81.56767847151531, -16.231269747383905, -13.987829378908117
Faroe Islands, FRO, , , , , , , , , , , , , 
Fiji, FJI, 70.56371097435081, 62.49874804193759, 52.651512380673715, 52.1925351825413, 51.65640021363718, 51.12382652828107, 51.512721746193954, 51.8481653838337, 52.176738478555805, 52.516973094247554, 52.848307291666664, -17.715403682684148, 0.1967949109929492
Finland, FIN, 48.598331646622825, 49.412419437151165, 50.067929963469915, 50.01024837776368, 50.156277114353564, 50.69190677549415, 51.66576219738748, 53.04586708851098, 54.75885208687937, 56.57147214702406, 58.266686529348554, 9.66835488272573, 8.19875656587864
France, FRA, 51.24421669208306, 53.59342434284579, 54.146380988648914, 54.23274377881907, 54.48515654757389, 54.99182632929227, 55.761585908842534, 56.776012992728276, 57.96207340312351, 59.1737301828575, 60.26679873424311, 9.022582042160053, 6.120417745594196
French Polynesia, PYF, 63.827063632985094, 56.36520604458972, 46.71531612757804, 45.55839179618935, 44.556763469205464, 43.90279254034206, 42.65129531222844, 42.28434521396572, 42.404503169506874, 42.46483965252106, 42.22968894611887, -21.597374686866225, -4.485627181459172
Gabon, GAB, 90.6967476565144, 87.11387900896563, 79.19437880860589, 78.19723153266878, 77.21416605437177, 76.2472410218192, 75.66345810098795, 75.03563656561141, 74.39376711865553, 73.75243099775663, 73.105815471335, -17.590932185179398, -6.088563337270884
Gambia, The, GMB, 95.52628099314558, 94.54778034072613, 95.70086410695362, 95.87269100299719, 95.83932299228425, 95.6176159636727, 95.68608760736113, 95.54567725962413, 95.2276427780398, 94.75892509936416, 94.16772401578758, -1.358556977357992, -1.5331400911660324
Georgia, GEO, 51.43088339220386, 52.48541599152104, 47.564658951032904, 46.58020738007702, 45.84399605216654, 45.44624694223902, 45.544279264729084, 45.61183045681762, 45.62923321734932, 45.62080685726699, 45.67302799939339, -5.75785539281047, -1.8916309516395131
Germany, DEU, 44.5073228563848, 46.16822432565164, 50.67015736723839, 51.176805384679156, 51.55848529943532, 51.805758113151036, 51.82776316852845, 51.73201764295623, 51.62005203164431, 51.62432232216736, 51.806058686726395, 7.298735830341592, 1.1359013194880063
Ghana, GHA, 87.2040835052561, 80.01571516178421, 76.2852965121429, 75.55067103028617, 74.8608176362429, 74.31059006120579, 73.94147846994315, 73.7513935377937, 73.63947547728002, 73.43398486924887, 73.0441437270748, -14.159939778181297, -3.2411527850681097
Gibraltar, GIB, , , , , , , , , , , , , 
Greece, GRC, 49.00279921138108, 47.20544421936537, 50.11153265900163, 50.18347510677916, 50.352373877198296, 50.68187521034658, 51.423716319507086, 52.45621977967372, 53.73063350242676, 55.05596080871457, 56.247281592318174, 7.244482380937093, 6.135748933316542
Greenland, GRL, , , , , , , , , , , , , 
Grenada, GRD, 88.00718553520521, 74.82409207425121, 56.68648182601987, 55.44786946052258, 54.35776761532656, 53.27183541986968, 52.6514601191341, 51.96738081173369, 51.33180908831094, 50.88817002922732, 50.699715035408964, -37.307470499796246, -5.986766790610908
Guam, GUM, 51.15029075828835, 55.86104477312408, 55.0708598180269, 54.365949978060556, 53.73529240729613, 53.29884814337634, 52.783397445030154, 52.4467208509682, 52.24980175927121, 52.111307821508014, 51.9788516934748, 0.8285609351864522, -3.0920081245520947
Guatemala, GTM, 94.90923152292952, 88.3335197012356, 81.47570891923561, 80.0243338779572, 78.57955634142381, 77.19808270548725, 75.78468254629229, 74.49642872227417, 73.27932607135655, 72.06971837197736, 70.85067193359373, -24.058559589335786, -10.625036985641884
Guinea, GIN, 89.61708177180519, 91.02818302149727, 88.81185377056632, 88.20314994425573, 87.50089675505902, 86.74105962656895, 86.31387876802205, 85.77907678937162, 85.17241544970624, 84.51256728407208, 83.8080392136568, -5.809042558148391, -5.003814556909518
Guinea-Bissau, GNB, 94.09879447221405, 89.0795800004312, 82.93580355153753, 82.1710102584686, 81.38212499531447, 80.61026569954875, 80.30529449347253, 79.9090916721928, 79.46076123380053, 78.97441096919835, 78.44823832768121, -15.650556144532842, -4.487565223856322
Guyana, GUY, 64.6769137910931, 66.76994978148768, 66.75045509640888, 64.77449935244002, 63.0655716696677, 61.68058425992098, 59.050891538277014, 56.90278320847892, 54.992749668032545, 53.061764263888186, 51.08812760115578, -13.588786189937316, -15.662327495253102
Haiti, HTI, 89.18036788172105, 79.88447182777789, 70.89231680359688, 69.86559881766026, 68.78702994052597, 67.61743475828138, 66.61126583563231, 65.48233865885814, 64.31454070999956, 63.22449002908297, 62.2645050925679, -26.915862789153152, -8.627811711028983
Honduras, HND, 95.540701996178, 86.46540727220705, 73.75431296317315, 71.64590411386772, 69.52802353108662, 67.41133677412792, 65.34245136970135, 63.26496974710819, 61.25054621183219, 59.40097101957055, 57.76867708381567, -37.77202491236233, -15.985635879357481
Hong Kong SAR, China, HKG, 43.23238476124668, 39.29785936914476, 33.796901369869374, 33.18043366617914, 33.00790955279028, 33.2864516395911, 33.428630513110406, 33.99602166005889, 34.87204747496071, 35.90210589430837, 37.02607447314725, -6.206310288099431, 3.2291731032778728
Hungary, HUN, 51.28729978545004, 46.9841039068719, 45.4608944507393, 45.49306775765582, 45.56604264102593, 45.69834593402706, 46.043214567696886, 46.36050700262259, 46.72657692684748, 47.22401323490813, 47.877814330741046, -3.4094854547089923, 2.4169198800017426
Iceland, ISL, 55.26620440891532, 53.51712842909786, 50.12069787947557, 49.77233156074383, 49.534259181009794, 49.399893836404715, 49.72051832001239, 50.02853534172241, 50.42069513424612, 50.94912050164834, 51.59234209465156, -3.673862314263758, 1.471644215175992
India, IND, 71.71126199169265, 64.30950534590151, 58.695402463262994, 57.92277682851563, 57.114818777340574, 56.268532042014805, 55.532669202078175, 54.73407544499116, 53.91608485984531, 53.14193950535147, 52.44887197356901, -19.26239001812364, -6.246530489693981
Indonesia, IDN, 67.27572483476139, 54.78780565782749, 51.91381086658177, 51.51985684252688, 51.26603970621532, 51.101521216349695, 50.56344408760703, 50.184232187849965, 49.85606901830922, 49.4575863428369, 48.95607776211, -18.319647072651392, -2.957733104471771
Iran, Islamic Rep., IRN, 95.02763046717546, 64.35827004110725, 41.686362817328856, 40.68749342806757, 40.03555485115643, 39.64796244447271, 39.47452330207414, 39.45031395420058, 39.57647345299805, 39.83739069226392, 40.194619071534824, -54.83301139564063, -1.4917437457940323
Iraq, IRQ, 98.82169532090703, 86.6806336138284, 82.61453604238237, 82.63393850747981, 82.54400910788239, 82.27471769498405, 81.7091590197005, 80.87828230507367, 79.97741955876111, 79.2289848863148, 78.69586061805343, -20.125834702853595, -3.9186754243289386
Ireland, IRL, 62.78801400339754, 46.90156194926512, 44.94343704663392, 45.46691684765475, 46.09557629536762, 46.75717886935804, 48.13599862764962, 49.547045279822534, 50.94947980252422, 52.32497835817745, 53.657165315692815, -9.130848687704727, 8.713728269058898
Isle of Man, IMY, , , , , , , , , , , , , 
Israel, ISR, 67.04418892339304, 61.57609814085975, 60.33561931226803, 60.217071684907594, 60.24296320145087, 60.44418263563601, 61.05035908560195, 61.78787412103709, 62.6058415838388, 63.41261601008835, 64.12940849056919, -2.9147804328238465, 3.793789178301161
Italy, ITA, 45.50944200126804, 47.96258207961947, 51.40973956563942, 51.7325698841081, 52.10106263665557, 52.58653163371439, 53.31053654899789, 54.093076024796936, 54.9269893650609, 55.76291610958024, 56.54415146775062, 11.034709466482582, 5.134411902111204
Jamaica, JAM, 73.99754801679114, 67.7616728820104, 59.623041269654756, 58.23968218622523, 56.72505356873573, 55.09501127408713, 53.76245123444485, 52.27021464440558, 50.764019708898324, 49.49741729860424, 48.6265108326318, -25.37103718415934, -10.996530437022955
Japan, JPN, 43.395263739300944, 46.637692496147324, 52.75892456313645, 53.960405163412354, 55.310652231473966, 56.818686998165965, 58.2449694465687, 59.79003013552657, 61.40089713456056, 62.98493195959395, 64.46694702469611, 21.071683285395167, 11.708022461559658
Jordan, JOR, 98.05106999789473, 73.87553840599003, 68.89177441192072, 68.55213994065093, 68.2262446111144, 67.8302764447619, 67.32808786915662, 66.83974518148318, 66.29880315087675, 65.62758999590179, 64.77538657808692, -33.275683419807805, -4.116387833833798
Kazakhstan, KAZ, 59.544717852856785, 52.58750165826718, 46.27202743879399, 45.534187720717725, 45.02262117223488, 44.8835881703002, 45.620607506876624, 46.55681395961223, 47.68693995172835, 48.94889824128168, 50.270041323110405, -9.27467652974638, 3.998013884316414
Kenya, KEN, 106.93201353314737, 89.0599928455477, 83.33009741946327, 83.08593512320219, 82.89358985017113, 82.71456516645074, 82.47065631137934, 82.19621347053538, 81.8627225522669, 81.42813219287804, 80.86946227881145, -26.062551254335915, -2.460635140651817
Kiribati, KIR, 77.64775152719511, 76.31600935828877, 65.737394596455, 66.22536685860958, 66.31001008781358, 65.57464311638034, 65.87476425186617, 65.09755342211211, 63.84494626252868, 63.02888091970308, 63.00039146887823, -14.647360058316885, -2.737003127576777
Korea, Dem. Peopleâ€™s Rep., PRK, 45.202174701312195, 46.926764011366004, 47.098824134023246, 46.673192108873366, 46.2344216680193, 45.86540544714474, 45.548379845775685, 45.38621261897701, 45.24405268846451, 44.913561200263715, 44.31443846757725, -0.8877362337349481, -2.784385666445999
Korea, Rep., KOR, 44.11559817411526, 39.46340715637704, 38.58135680440817, 38.471955415766665, 38.110917510480604, 37.6063889886295, 37.40988344264599, 37.145142404901854, 36.955855962287856, 36.96564974345537, 37.21113600350448, -6.904462170610785, -1.3702208009036951
Kosovo, KSV, , , , , , , , , , , , , 
Kuwait, KWT, 57.07353991320959, 42.12883503370042, 37.13618482820912, 36.16619252691322, 35.18229538101208, 34.10330362974099, 33.87662133962547, 33.343978762174494, 32.75011562154152, 32.32099693411593, 32.090311536587116, -24.983228376622478, -5.0458732916220015
Kyrgyz Republic, KGZ, 74.13287502780803, 67.92374047792985, 55.00165934475888, 53.818746238545, 53.00216260185246, 52.573649363746675, 52.63452741033351, 53.05278564199093, 53.72529035819691, 54.516022349019536, 55.348221762259584, -18.784653265548442, 0.3465624175007065
Lao PDR, LAO, 91.36047679756375, 88.25568682113402, 74.62829664296103, 72.45705646167781, 70.40732791447996, 68.51838642322811, 67.24417999271859, 65.90944741021275, 64.64562450753205, 63.59956711280136, 62.8139429731851, -28.54653382437865, -11.814353669775933
Latvia, LVA, 49.880378264694116, 49.01010289189931, 47.31175668763541, 47.48493194481888, 47.768027786325696, 48.20725154297544, 48.91891950514313, 49.659089738704125, 50.43104221478115, 51.26043917360589, 52.1836351972333, 2.3032569325391847, 4.871878509597892
Lebanon, LBN, 66.77694557852931, 55.63233905489593, 51.772224975425495, 49.936769086395394, 48.32154349047449, 47.31361863210792, 46.944398752426565, 46.947126862108476, 47.236613891231286, 47.46980100326099, 47.33769414312606, -19.43925143540325, -4.434530832299437
Lesotho, LSO, 92.94331633213805, 84.31112633611852, 76.4269778678712, 75.03649933036488, 73.66759590089913, 72.31049013617131, 71.12762663797915, 69.99602552587416, 68.9516786394719, 68.0403418492909, 67.26589283811649, -25.677423494021568, -9.161085029754716
Liberia, LBR, 92.33267541894024, 86.3201365847373, 86.86841785552666, 87.04957489913595, 87.0223134890067, 86.63408028020646, 86.27681433385386, 85.70089523134196, 84.8995080476243, 83.93230002288405, 82.87271055726288, -9.459964861677364, -3.995707298263781
Libya, LBY, 81.29354927660543, 58.04024393313306, 49.47843455101902, 49.462882663149024, 49.479887189715136, 49.40206478583278, 50.1266442868745, 50.751260778395704, 51.28711413074315, 51.815017573136515, 52.37754764985315, -28.916001626752283, 2.8991130988341283
Liechtenstein, LIE, , , , , , , , , , , , , 
Lithuania, LTU, 50.24949911239995, 50.40796047270464, 48.36598756336892, 48.042398724649914, 47.78510363220857, 47.62810827299895, 47.97299839669429, 48.389322110248536, 48.85183809578451, 49.38419843400562, 50.066029694541115, -0.18346941785883786, 1.7000421311721965
Luxembourg, LUX, 44.40931541248459, 49.29458905492385, 47.98627404431646, 47.32514878709125, 46.74990050264589, 46.278075298354146, 45.68329754583985, 45.125104549902424, 44.60382640908885, 44.12472571172464, 43.70940114881347, -0.6999142636711184, -4.27687289550299
Macao SAR, China, MAC, 47.20011457331669, 43.26746697006989, 29.063688648399605, 27.359139547378625, 25.922553783436538, 24.88110476795575, 25.03419284306057, 25.45587047812699, 26.170459921506612, 27.108209816941336, 28.20867516145924, -18.99143941185745, -0.8550134869403649
Macedonia, FYR, MKD, 50.13944232097005, 46.53794668542771, 43.37091231594022, 42.71382256197526, 42.121804292259064, 41.671349105711386, 41.31566130559219, 41.122160108081786, 41.08529611980939, 41.181019829450264, 41.394534707241725, -8.744907613728323, -1.9763776086984919
Madagascar, MDG, 92.95011862829361, 94.06389086440508, 89.48036918632147, 88.4543025129355, 87.31303385117502, 86.0640904397477, 84.92768292867056, 83.71954423399838, 82.50257299766328, 81.35908019389623, 80.33338854489556, -12.616730083398053, -9.146980641425912
Malawi, MWI, 94.02748266145795, 99.4396276775819, 98.21035642947628, 98.08657093704217, 97.90518819219585, 97.60016621623014, 97.24775954520148, 96.6547821169362, 95.93636704368693, 95.22118183791146, 94.54637854225871, 0.5188958808007555, -3.6639778872175697
Malaysia, MYS, 68.65557743552091, 61.36745163255271, 51.683699059792374, 50.23460918557492, 48.9381916424038, 47.80990096261972, 46.93335077643934, 46.32693777617332, 45.39562001841651, 45.02130804788018, 44.73665599980149, -23.91892143571942, -6.947043059990882
Maldives, MDV, 101.22767342040892, 79.92400412692821, 56.05367530998341, 53.8886645269624, 52.070053604693896, 50.603645675172146, 49.533748220072425, 48.709510456016744, 48.1280459536167, 47.72735645395401, 47.44842249409899, -53.77925092630993, -8.60525281588442
Mali, MLI, 101.91815792850274, 99.10283269698822, 99.05003236191646, 99.29153537285993, 99.36311807448736, 99.24313470129397, 99.98390064073915, 100.35781883585709, 100.45811999846805, 100.3874277047518, 100.18353509568428, -1.7346228328184594, 1.1335027337678127
Malta, MLT, 51.63983558828566, 48.17828237497426, 46.50438190469672, 46.49663978013641, 46.946896664742894, 47.843377834211346, 48.28108246743301, 48.875945880716095, 49.549450898802185, 50.203674219658865, 50.78462834590067, -0.8552072423849921, 4.28024644120395
Marshall Islands, MHL, , , , , , , , , , , , , 
Mauritania, MRT, 91.18251410724054, 85.35815876527293, 80.66050512216609, 80.18706029116561, 79.63979981697082, 79.03129483384495, 78.61028875133053, 78.09078932851014, 77.49518413935311, 76.8411931894117, 76.13809182333725, -15.044422283903288, -4.5224132988288375
Mauritius, MUS, 50.81821030739865, 46.83788451640999, 44.33115724100834, 43.32030444514331, 42.486778530389394, 41.988612749450965, 41.38592423171665, 41.06104496069351, 40.91991549191698, 40.79566492254164, 40.617708673247215, -10.200501634151436, -3.7134485677611266
Mexico, MEX, 76.14228791187203, 64.77665629135952, 58.72712264644948, 57.78927105945135, 56.84293416112778, 55.88661244130525, 54.955634563104425, 54.04011204673515, 53.16796159332219, 52.375750453332614, 51.681600203010824, -24.460687708861208, -7.0455224434386565
Micronesia, Fed. Sts., FSM, 91.15189999007838, 78.69261477045907, 72.3385760910567, 71.10568812748743, 69.90422958750082, 68.76333490773465, 67.19070624161833, 65.74228256692712, 64.42556159736203, 63.2959271757043, 62.40419147712256, -28.747708512955818, -9.934384613934135
Moldova, MDA, 56.75829279361431, 48.98171453786545, 38.02027563848041, 37.36732141826507, 36.82098021669693, 36.35712866598706, 35.86052717144902, 35.33953140339444, 34.85127413806302, 34.551514121981015, 34.57382903180981, -22.1844637618045, -3.446446606670605
Monaco, MCO, , , , , , , , , , , , , 
Mongolia, MNG, 80.48100282602589, 62.503024769558316, 45.7153567356041, 45.04300823209829, 44.64615071185985, 44.43823832287759, 44.894433136084736, 45.41455751259279, 46.04499587533552, 46.804810567993314, 47.648778472495614, -32.83222435353027, 1.9334217368915176
Montenegro, MNE, 50.79191793596518, 49.281660250715625, 49.41229842867158, 49.05837245204887, 48.67530081660527, 48.3158981038739, 48.10863100569668, 47.823974274995535, 47.57695332080573, 47.5164820565621, 47.71037386349343, -3.0815440724717504, -1.7019245651781532
Morocco, MAR, 77.21655937129144, 63.42307506677215, 54.38390529028339, 53.39829055128432, 52.5251983118759, 51.78266425366763, 51.233135768986614, 50.741234582976944, 50.36881001655452, 50.164947600179644, 50.128284255778595, -27.088275115512843, -4.255621034504792
Mozambique, MOZ, 102.17312388845741, 92.54240547182205, 96.43554191612452, 96.72508795360496, 96.81169713798532, 96.71393368630261, 96.72147918789167, 96.51392050683062, 96.10760141295503, 95.51342334455163, 94.75033960357135, -7.422784284886063, -1.685202312553173
Myanmar, MMR, 71.95353903339546, 57.91808981017049, 54.78508839458066, 54.39696359330314, 53.94127125544169, 53.43074050978035, 52.567785588764025, 51.694921028269725, 50.81128072248241, 49.923161697443746, 49.05411871136436, -22.899420322031098, -5.730969683216301
Namibia, NAM, 88.68903203101254, 77.83517325772496, 73.85789576908792, 72.80143422455089, 71.82511551566128, 71.00642041060694, 69.96785258776426, 69.12634041579643, 68.4468040508917, 67.8455199082977, 67.26677800415645, -21.422254026856095, -6.591117764931468
Nauru, NRU, , , , , , , , , , , , , 
Nepal, NPL, 85.17520452656278, 81.13781627106658, 76.64650175984887, 75.46810331996674, 74.22709138523251, 72.84302583836963, 70.59901959928943, 68.20975326721448, 65.83081563437435, 63.67516653058403, 61.84173909104877, -23.333465435514007, -14.804762668800102
Netherlands, NLD, 44.59063655913271, 47.1446948908665, 48.15846249505398, 48.285459910900286, 48.56624357587409, 49.08485692679466, 49.671706389760146, 50.51158784650532, 51.50020929462886, 52.454130673331676, 53.26548810790081, 8.674851548768096, 5.107025612846826
New Caledonia, NCL, 58.39087277681493, 52.88592528859253, 50.14383587569552, 49.77101126377027, 49.47774306911363, 49.32297235146903, 48.93080580947411, 48.5835742806003, 48.306040510669014, 48.08783630707343, 47.92017728747989, -10.470695489335043, -2.223658588215635
New Zealand, NZL, 52.27114855468623, 52.695293389339156, 50.24118331888593, 50.1830662405404, 50.23343690848596, 50.40377781157957, 51.04570925348122, 51.727200132173145, 52.45524000868996, 53.22273379153726, 54.008245809988466, 1.7370972553022384, 3.7670624911025357
Nicaragua, NIC, 95.87230712227877, 76.89078099438056, 64.0520213732421, 62.6817821902524, 61.36647045204921, 60.0597756543925, 58.73730881743201, 57.38831707148554, 56.10221129085784, 55.000154641566624, 54.12985764983868, -41.74244947244009, -9.922163723403422
Niger, NER, 100.02371397807543, 101.6439576279986, 108.50633593767157, 109.30406477894574, 109.94875797261562, 110.4488458633058, 111.26347676174497, 111.85539981473835, 112.3095716146264, 112.68290945992861, 112.97280045824355, 12.94908648016812, 4.466464520571989
Nigeria, NGA, 91.36967068351991, 86.24302291885492, 87.0627896373019, 87.27870688339797, 87.40766718297598, 87.4648361022594, 87.82376328701184, 88.06622607064497, 88.15806170600436, 88.04448867896353, 87.70842622499548, -3.661244458524436, 0.6456365876935735
Northern Mariana Islands, MNP, , , , , , , , , , , , , 
Norway, NOR, 54.404159601367894, 54.268433856450635, 51.532799880553945, 51.28440075892659, 51.13812282662109, 51.090817001028135, 51.056722575671124, 51.13020015388345, 51.37640569980427, 51.76837475435136, 52.21039452268602, -2.1937650786818708, 0.6775946421320782
Oman, OMN, 90.60450615991914, 65.60985818833677, 49.045020071874895, 45.93571915522515, 43.41599352412383, 41.38735780800021, 37.64071176904167, 34.608239096848514, 32.407577801794915, 30.959917715243922, 30.042138422880253, -60.56236773703888, -19.00288164899464
Pakistan, PAK, 88.37895520894033, 82.45812580966745, 71.13668226253681, 70.21668598538268, 69.31461832859782, 68.36099162933269, 67.83871616680838, 67.14980503912716, 66.41497920509009, 65.78209727413743, 65.29531816414905, -23.083637044791274, -5.841364098387757
Palau, PLW, , , , , , , , , , , , , 
Panama, PAN, 68.43760608254296, 59.923152429484674, 56.09343094323451, 55.83483288198403, 55.536139397816534, 55.14707772896422, 54.86923947917875, 54.47866106645771, 54.04131047211968, 53.65574194491646, 53.36680557268678, -15.070800509856177, -2.7266253705477297
Papua New Guinea, PNG, 80.36551112345002, 74.48529113344556, 73.31267952021942, 72.94410510764537, 72.39573916828277, 71.6360237490027, 70.99204946802288, 70.12021333533693, 69.10579338677383, 68.07393780776736, 67.08963995771948, -13.275871165730535, -6.223039562499935
Paraguay, PRY, 82.96489149955363, 74.40807130640705, 64.458826165949, 63.48267599689965, 62.480945531198415, 61.39192244717624, 60.443073067058506, 59.347986281283646, 58.237792721863634, 57.30387303757806, 56.627602891859596, -26.337288607694035, -7.83122327408941
Peru, PER, 73.90300240147182, 64.57946425775954, 57.721900221920706, 56.77001545584902, 55.90883609252013, 55.183002886140876, 54.61075534748141, 54.16571395417728, 53.815399746431105, 53.500225023227124, 53.188063284027876, -20.714939117443947, -4.533836937892829
Philippines, PHL, 78.83057908463044, 71.60295616268716, 65.61149795354204, 64.02723338705715, 62.308055712672896, 60.678829089988064, 59.915854221526324, 59.187276055826786, 58.5596743148904, 58.02809258241336, 57.550234341344854, -21.28034474328559, -8.061263612197187
Poland, POL, 54.474129133993074, 46.44119451915195, 40.63712329440794, 40.12218190499821, 39.8139859490466, 39.76508478587662, 40.28703679474105, 40.904088533126384, 41.675284519495875, 42.65661938534279, 43.842677320352394, -10.63145181364068, 3.2055540259444513
Portugal, PRT, 51.843559087492395, 47.714260654086374, 49.62224617775802, 50.060496476167316, 50.4569981796951, 50.87655409372039, 51.32294114198675, 51.80599843990494, 52.33735165117551, 52.90280593572769, 53.4796756721323, 1.6361165846399075, 3.85742949437428
Puerto Rico, PRI, 58.4783923650783, 53.5601767636266, 51.62444383254836, 51.200500776533296, 50.733192073433656, 50.300659718786534, 50.20693214520202, 50.162516541899194, 50.129673586908886, 50.08026472712328, 50.02424703562177, -8.45414532945653, -1.6001967969265891
Qatar, QAT, 42.05202355220988, 38.123145314263766, 22.48844938665126, 19.723550844250827, 18.03729505855682, 17.031214059816396, 17.742834473621766, 18.377062514865962, 19.033721409764297, 19.639319177906387, 20.054706175847112, -21.99731737636277, -2.433743210804149
Romania, ROM, 51.870381288221104, 47.37126502861507, 45.12177960608816, 45.44661440103044, 45.86564539045288, 46.333560974404, 46.772570544893185, 47.185099064688686, 47.610896014267304, 48.15977756586676, 48.88613106947573, -2.984250218745373, 3.7643514633875697
Russian Federation, RUS, 49.717803062369775, 44.27191560827625, 39.6638251111305, 39.09266420177034, 38.79549208563336, 38.84635313130886, 39.2464833731348, 39.98553219535225, 40.951865262242116, 42.00887630217652, 43.09787720079424, -6.619925861575538, 3.434052089663737
Rwanda, RWA, 108.25786345023923, 93.21573853663895, 81.0876509273379, 81.78783227881142, 82.29825857650299, 82.21066488851851, 82.13115152899583, 81.40301139043919, 80.26364348784865, 79.09514626639034, 78.06861621366762, -30.189247236571603, -3.0190347136702798
Samoa, WSM, 79.27394410382291, 82.46549003626028, 78.41457564395014, 77.74160417030018, 77.09551843826107, 76.44955372810138, 76.35369720463291, 75.83308511430486, 75.10507776214257, 74.45688251930125, 73.98679980911047, -5.287144294712448, -4.427775834839679
San Marino, SMR, , , , , , , , , , , , , 
Sao Tome and Principe, STP, 110.11784729802233, 96.87953035065811, 90.41636926005235, 89.83383230058716, 89.28134764298329, 88.71133394440702, 87.75707666340561, 86.97843007846465, 86.22597970144376, 85.32641126626089, 84.20624782255256, -25.91159947546977, -6.210121437499794
Saudi Arabia, SAU, 81.37436301515417, 67.22757387405811, 53.24627910933633, 51.878119233120856, 50.71591941029996, 49.67568971649392, 48.619551970596206, 47.63963413098952, 46.82160993043475, 46.240361864410026, 45.866830704023, -35.50753231113117, -7.379448405313326
Senegal, SEN, 100.37062507616359, 93.3889186015702, 88.84465085684798, 88.39720764834215, 88.03818984144957, 87.825801189916, 87.686163287909, 87.71707852397229, 87.8162282737822, 87.80904211424608, 87.60184833279911, -12.768776743364484, -1.2428025240488694
Serbia, SRB, 50.05706757711046, 52.52436909035861, 49.02938622516027, 48.36478705959198, 47.93839651243364, 47.82306972753603, 47.99799344145045, 48.37834651527936, 48.899733548379054, 49.4900035325429, 50.11113080190549, 0.054063224795029896, 1.0817445767452156
Seychelles, SYC, 73.99517784792822, 57.182989441053955, 45.69675993351952, 44.659790384295455, 43.54446198368851, 42.52532308767027, 42.57924602139316, 42.57596796589918, 42.69161785946701, 43.011375193628645, 43.521450972516185, -30.473726875412034, -2.1753089610033385
Sierra Leone, SLE, 89.81238007592094, 87.63424364719462, 86.73025967143614, 86.54196388303794, 86.08021505085809, 85.37109670238608, 85.15787234029219, 84.61954179005122, 83.84115690169853, 82.92506812304782, 81.92542257056986, -7.886957505351077, -4.80483710086628
Singapore, SGP, 37.09029346489592, 40.4491851066649, 37.34093219212769, 36.918374281477696, 36.34304200042317, 35.783694234330085, 35.81408071206075, 36.029554291479265, 36.393208888053564, 36.859122320947584, 37.40732456492041, 0.31703110002448653, 0.06639237279271981
Sint Maarten (Dutch part), SXM, , , , , , , , , , , , , 
Slovak Republic, SVK, 55.53638935850474, 45.04331877710452, 38.77540639516764, 38.40997270258789, 38.179194080445214, 38.09865214017988, 38.40620081422606, 38.75744936357257, 39.22709240196236, 39.899102950877236, 40.783015246421215, -14.753374112083527, 2.007608851253572
Slovenia, SVN, 45.7104562528303, 42.680105453828084, 42.43224111245756, 42.96568157657795, 43.54091263203157, 44.1102213868209, 44.980726611683245, 45.759827227289925, 46.54195608191744, 47.49449930043119, 48.70509703666022, 2.9946407838299223, 6.272855924202659
Solomon Islands, SLB, 93.16831744497922, 80.97294640192413, 79.17939605355629, 79.03605545241804, 78.87456086399033, 78.62909248923833, 78.30072295549513, 77.70967762813004, 76.9330779353153, 76.0439486056071, 75.0827275645545, -18.08558988042472, -4.096668489001786
Somalia, SOM, 92.63437919470756, 100.4266118982384, 102.91900859802084, 103.02316497858412, 102.7709068970255, 102.08391815757743, 101.87226512749751, 101.08949874880602, 99.99417633965612, 98.94649372227914, 98.13399143478705, 5.499612240079486, -4.785017163233789
South Africa, ZAF, 72.7968305919509, 63.524763726222524, 57.736540392366095, 57.38898293574724, 56.92736764688212, 56.226657808499716, 55.708308901003846, 54.80234135506945, 53.7284992093673, 52.798132842618394, 52.14352789011388, -20.653302701837013, -5.593012502252215
South Sudan, SSD, 88.5848713577434, 91.81643282139288, 89.68717037921962, 89.1676117927911, 88.50524907879368, 87.69997941295759, 87.199813621683, 86.5020751849459, 85.66320421362289, 84.71986628293418, 83.6560857916189, -4.928785566124489, -6.031084587600716
Spain, ESP, 50.04644435812955, 45.79053311297281, 45.348918786954236, 45.69208461445838, 46.099562857296455, 46.547134592405385, 47.4248224097023, 48.28630493744657, 49.1302185129857, 49.95754133537557, 50.763948962324044, 0.7175046041944952, 5.415030175369807
Sri Lanka, LKA, 60.19836906841337, 49.20654192503873, 48.293124870456516, 48.380068897107186, 48.508661988796284, 48.71127606004837, 49.20412810355811, 49.757267707234234, 50.31757042862822, 50.81987389392884, 51.23349503809727, -8.964874030316103, 2.9403701676407508
St. Kitts and Nevis, KNA, , , , , , , , , , , , , 
St. Lucia, LCA, 78.60558901843187, 66.16624141107216, 53.08057724835354, 52.13320650354947, 51.39778255947597, 50.89398115069239, 50.027197335497966, 49.302145150507194, 48.6420377180037, 47.98146655922643, 47.32504061414965, -31.28054840428222, -5.755536634203892
St. Martin (French part), MAF, , , , , , , , , , , , , 
St. Vincent and the Grenadines, VCT, 79.03545437892387, 62.27308959107247, 53.199589778171145, 52.074278390727734, 50.938052608311224, 49.799246317231926, 49.10407461953854, 48.36013298052785, 47.64740836777139, 47.09403203895248, 46.75944547234066, -32.276008906583215, -6.440144305830486
Sudan, SDN, 93.80180706530687, 87.66056849401996, 85.0641734083846, 84.2616584188478, 83.37960082945878, 82.46675118317043, 81.66285051033422, 80.84055202555754, 79.9765243714669, 79.03766129941127, 78.03512277999153, -15.76668428531535, -7.02905062839308
Suriname, SUR, 63.12248289969955, 64.24813288782293, 54.89910514956432, 54.665702022699655, 54.340160145510175, 53.84508037554113, 53.35097001763669, 52.72399963013476, 52.023801720723064, 51.34928423402778, 50.75603607205527, -12.366446827644282, -4.143069077509054
Swaziland, SWZ, 103.20472205407467, 90.66512277355856, 77.94051469884958, 76.12272032704253, 74.44927568547878, 72.95459091818364, 72.05673456934659, 71.22247352829557, 70.48739857790962, 69.8581294501847, 69.31298372741948, -33.89173832665519, -8.627530971430105
Sweden, SWE, 55.562120992912234, 55.51028463886808, 52.99864630674549, 52.77335991672364, 52.775587096977716, 53.16379928005163, 53.84994749942078, 54.967086863461766, 56.43636069737228, 57.96719252831476, 59.3039080287853, 3.7417870358730667, 6.305261722039809
Switzerland, CHE, 46.19427903163517, 48.67417834196396, 46.87334427232008, 46.80610253980711, 46.83713976094832, 46.97654001743453, 47.21384976158953, 47.51516497560249, 47.907244969192945, 48.36960381860192, 48.847617443046346, 2.653338411411177, 1.9742731707262635
Syrian Arab Republic, SYR, 99.77818537830103, 79.2530124311595, 68.98405039667188, 67.64213922674791, 66.16292600472163, 64.31302498151533, 65.65592943362148, 66.8232102441507, 67.7771700675334, 68.75956001737894, 70.03046916224139, -29.747716216059644, 1.0464187655695127
Tajikistan, TJK, 90.35320345312324, 86.69111558026736, 68.1019103272851, 66.37776000510091, 64.87167178108837, 63.53794515025408, 62.90244372836332, 62.310062679545986, 61.73972165729553, 61.24307278935682, 60.88508033769373, -29.468123115429513, -7.216829989591368
Tanzania, TZA, 95.01585285608027, 91.5658391247964, 92.96059625292511, 92.95119775920375, 92.97026170133951, 93.08309998356309, 93.29669051751773, 93.56742002801703, 93.8222064426837, 93.92429102589817, 93.80093418782914, -1.21491866825113, 0.8403379349040279
Thailand, THA, 53.205600860897775, 43.970956380374766, 40.88192176291526, 40.152205221201655, 39.532404285830324, 39.07075984526559, 38.89386783281979, 38.81490486917076, 38.84669838260489, 38.991918144681634, 39.242103980329226, -13.963496880568549, -1.6398177825860358
Timor-Leste, TMP, 70.03241092737518, 109.60483148680544, 92.5678847626813, 88.23260825890819, 85.11657555338955, 83.64293254485557, 84.2492414711759, 86.48084969632835, 89.34392955534055, 91.49517354692955, 92.27496378479054, 22.24255285741536, -0.2929209778907591
Togo, TGO, 96.84563936307738, 89.3579697236078, 84.68263939032049, 84.35561969168768, 84.01256895559092, 83.6475712035274, 83.50831731708428, 83.26334426660632, 82.90798265088739, 82.43086182569752, 81.83107626567839, -15.014563097398991, -2.851563124642098
Tonga, TON, 78.1672471257911, 78.73078467886224, 78.42685248249245, 77.80237263514682, 77.07309556015957, 76.34574603443889, 76.20389906321209, 75.93155446591997, 75.5417904965439, 75.00248616037392, 74.32925027092706, -3.837996854864045, -4.097602211565388
Trinidad and Tobago, TTO, 64.87596224556574, 47.29566469959575, 40.423998404053364, 40.403843095312055, 40.56166211997937, 40.87441965057582, 41.255989772938925, 41.71409557611865, 42.22541035486729, 42.74800471722472, 43.249488653478736, -21.62647359208701, 2.8254902494253713
Tunisia, TUN, 72.60601339673623, 56.90120570425605, 46.63297415656749, 45.73829528425028, 45.03378485858733, 44.52435740574455, 44.25695464267691, 44.166908561193516, 44.2489883424186, 44.477062561618816, 44.82013583716229, -27.78587755957394, -1.812838319405202
Turkey, TUR, 68.91201845254125, 58.01154655765929, 52.92145781612854, 52.360566390123594, 51.81892395208728, 51.310068558907005, 50.91971271450046, 50.56959073171642, 50.26868560152283, 49.99976878100475, 49.72123101166462, -19.190787440876626, -3.2002268044639166
Turkmenistan, TKM, 79.40834375969065, 68.35205004987259, 55.56586989712271, 53.26351162034724, 51.35227151824662, 50.04271847202677, 48.97181839265215, 48.45665593048487, 48.29859930929106, 48.16245422257808, 47.883248922353, -31.525094837337654, -7.682620974769712
Turks and Caicos Islands, TCA, , , , , , , , , , , , , 
Tuvalu, TUV, , , , , , , , , , , , , 
Uganda, UGA, 102.97887121670313, 108.44864296169716, 107.87049300834187, 107.39243479405214, 106.82500506950512, 106.18814791022304, 105.67566723858259, 105.02335487855532, 104.248152429063, 103.35307590399023, 102.34536778444728, -0.6335034322558499, -5.525125223894591
Ukraine, UKR, 49.4604883059524, 44.48136959924071, 43.439660896616836, 43.130673119699956, 42.857237246507836, 42.57019967759797, 42.70400162604647, 42.55018613349398, 42.39331746573476, 42.60412563575966, 43.33590111433197, -6.124587191620435, -0.10375978228486815
United Arab Emirates, ARE, 46.68495648744748, 36.17591225103177, 19.613811045564542, 18.202401172406645, 17.15833722445925, 16.32909693503676, 16.613406843282082, 16.891160184204722, 17.1782729176761, 17.471657131775427, 17.751438657836495, -28.933517829610985, -1.8623723877280476
United Kingdom, GBR, 53.14633354886189, 53.55463412222646, 51.17174473955415, 51.11796422249451, 51.124526764196354, 51.21845477928103, 51.9913855018209, 52.74649127135845, 53.51978439509257, 54.323227459544974, 55.12194954670488, 1.9756159978429935, 3.950204807150733
United States, USA, 51.79470699154478, 50.54971679437104, 48.64902104626424, 48.570004387274764, 48.584613282389846, 48.73401310106321, 48.91221715382833, 49.212627782554165, 49.67124983045191, 50.25638827136313, 50.9124499209174, -0.8822570706273751, 2.2634288746531652
Uruguay, URY, 60.38880264874705, 60.37968729929856, 58.73977798532736, 58.265276482187765, 57.79276203882926, 57.35678628636447, 57.01437964755347, 56.68771210540956, 56.388252051696696, 56.11947112750648, 55.88340843841989, -4.505394210327161, -2.856369546907466
Uzbekistan, UZB, 81.54779460579077, 70.94768669577006, 55.19530851305877, 53.52783447010071, 52.12634407055773, 51.00110714267211, 50.43666750842506, 49.98729053563516, 49.69965477190171, 49.59762719254003, 49.65053411273981, -31.897260493050958, -5.544774400318957
Vanuatu, VUT, 90.21754640860327, 81.2304136634284, 73.05743509047994, 73.00590416669866, 73.08174025214306, 72.85575298274361, 72.52334182126833, 71.42362409785424, 70.11490391076468, 69.16698250062078, 68.7196781823166, -21.49786822628667, -4.3377569081633425
Venezuela, RB, VEN, 71.22802090017227, 62.551361936220495, 56.09512109720015, 55.4227195740522, 54.812516205015385, 54.26354708513762, 53.79910182037955, 53.39414860503587, 53.035038784892684, 52.69932426163362, 52.37493244099112, -18.85308845918115, -3.7201886562090323
Vietnam, VNM, 75.76115011577866, 61.500755048363956, 47.510918226806616, 45.78151819040994, 44.34474649891209, 43.309778046691335, 42.67977159492218, 42.31999775516666, 42.22030326557128, 42.30469009347381, 42.511439837691015, -33.24971027808765, -4.999478389115602
Virgin Islands (U.S.), VIR, 53.54690061588905, 52.64718280174231, 49.91277893297236, 50.45942452512082, 51.25733563915743, 52.3825229074953, 53.95351544876367, 55.68766637089618, 57.53715179592083, 59.39924408195743, 61.19965137271991, 7.652750756830862, 11.286872439747555
West Bank and Gaza, WBG, 102.78918196365217, 100.41047017867284, 88.36709876064064, 86.20493638610978, 84.17373196489663, 82.33376184527737, 80.85174678321098, 79.42677794029692, 78.11840253718502, 76.97546184939203, 76.0018690145565, -26.787312949095664, -12.36522974608414
Yemen, Rep., YEM, 118.77972734795293, 105.73575437615202, 88.43835023591366, 85.8996429859268, 83.59448940414921, 81.61392399703837, 80.19394820453964, 78.90260313623925, 77.73437342291929, 76.64426788194534, 75.59514674923517, -43.18458059871776, -12.84320348667849
Zambia, ZMB, 100.4852628790393, 97.12477562042733, 98.22305835194786, 98.27725326313755, 98.260795412181, 98.14832479752975, 97.85423686075617, 97.38580212964317, 96.7913103560617, 96.12216518837035, 95.40232642034836, -5.082936458690938, -2.8207319315994965
Zimbabwe, ZWE, 96.36524395988106, 84.87748667992659, 81.27216606625655, 81.02402030726216, 80.9349675725329, 80.98570197234942, 80.74049430694255, 80.57986969916749, 80.49981590295572, 80.45643863712547, 80.39103267797033, -15.974211281910726, -0.8811333882862158
